time,open,high,low,close
05/06/2024 09:00,1.0,1.0,1.0,1.0
05/06/2024 13:00,1.0,1.0,1.0,1.0
05/06/2024 17:00,1.0,1.0,1.0,1.0
05/06/2024 21:00,1.0,1.0,1.0,1.0
06/06/2024 01:00,1.0,1.0,1.0,1.0
06/06/2024 05:00,1.0,1.0,0.9785733207400853,0.9807437229063651
06/06/2024 09:00,0.9807437229063651,0.9962376292310808,0.9768592269455417,0.9871946593325117
06/06/2024 13:00,0.9871946593325117,1.0082923889661408,0.9737529661574604,0.9780394946700355
06/06/2024 17:00,0.9780394946700355,0.9879001298922245,0.9458130030860384,0.9589680816686575
06/06/2024 21:00,0.9589680816686575,0.9647419774587623,0.958758338644419,0.9628741644320175
07/06/2024 01:00,0.9628741644320175,0.982856554628043,0.9546280428171042,0.982856554628043
07/06/2024 05:00,0.982856554628043,0.990536226627644,0.9730557898065443,0.9730557898065443
07/06/2024 09:00,0.9730557898065443,1.0147032912861074,0.9730557898065443,0.9735488036953234
07/06/2024 13:00,0.9735488036953234,0.996167138932339,0.9570468983343232,0.9570468983343232
07/06/2024 17:00,0.9570468983343232,0.9570468983343232,0.8373041999614462,0.8614839845721411
07/06/2024 21:00,0.8614839845721411,0.8778068965887584,0.8614839845721411,0.8723728783248932
08/06/2024 01:00,0.8723728783248932,0.875671502735555,0.8673850667528624,0.8673850667528624
08/06/2024 05:00,0.8673850667528624,0.8758597051788825,0.8626423791922122,0.870718556420131
08/06/2024 09:00,0.870718556420131,0.8738341245238876,0.8636241173039623,0.8636241173039623
08/06/2024 13:00,0.8636241173039623,0.8730979964013761,0.8598664683258287,0.8679274375232039
08/06/2024 17:00,0.8679274375232039,0.8719261586627044,0.8635748868393188,0.8635748868393188
08/06/2024 21:00,0.8635748868393188,0.8657557910197097,0.8593112389149207,0.8628596561188605
09/06/2024 01:00,0.8628596561188605,0.8635009394283202,0.8547643643931316,0.8602045632434442
09/06/2024 05:00,0.8602045632434442,0.8660984608830926,0.8580904031185741,0.8631126798147315
09/06/2024 09:00,0.8631126798147315,0.878886347846758,0.8621750296611365,0.878886347846758
09/06/2024 13:00,0.878886347846758,0.878886347846758,0.8607126289697352,0.8724770664544462
09/06/2024 17:00,0.8724770664544462,0.886235169796207,0.8724770664544462,0.8751126301642473
09/06/2024 21:00,0.8751126301642473,0.8786842376923324,0.86415094422403,0.8676024419413132
10/06/2024 01:00,0.8676024419413132,0.8791897520791644,0.8676024419413132,0.869632317445586
10/06/2024 05:00,0.869632317445586,0.8715959475339315,0.8567028666698105,0.8633641342026771
10/06/2024 09:00,0.8633641342026771,0.8644145453608325,0.8564066814975249,0.8573237017635045
10/06/2024 13:00,0.8573237017635045,0.8915672096089682,0.8531174274463489,0.8865270452139519
10/06/2024 17:00,0.8865270452139519,0.8919428307085729,0.8551134195408279,0.8678843418275867
10/06/2024 21:00,0.8678843418275867,0.8696507478361947,0.8575189635512231,0.8575189635512231
11/06/2024 01:00,0.8575189635512231,0.8596231906942355,0.7811724426227268,0.7876705104792827
11/06/2024 05:00,0.7876705104792827,0.7876705104792827,0.756725902331666,0.7615857525298662
11/06/2024 09:00,0.7615857525298662,0.7629596239180602,0.7315917920065028,0.7388661753009195
11/06/2024 13:00,0.7388661753009195,0.746841415816816,0.7045454536466123,0.7121255056237018
11/06/2024 17:00,0.7121255056237018,0.7573903705428319,0.70183261792474,0.7433104451319564
11/06/2024 21:00,0.7433104451319564,0.7558138956339919,0.7415415410188203,0.7417354545297269
12/06/2024 01:00,0.7417354545297269,0.7551384299097593,0.7288746749657424,0.7551384299097593
12/06/2024 05:00,0.7551384299097593,0.7551384299097593,0.7408220184751927,0.7499065949984216
12/06/2024 09:00,0.7499065949984216,0.8349327632457304,0.7496768815090326,0.8295392196979537
12/06/2024 13:00,0.8295392196979537,0.8585186410535455,0.8254931208622326,0.8443912789386815
12/06/2024 17:00,0.8443912789386815,0.8538952121789738,0.7444104735927399,0.775580826066251
12/06/2024 21:00,0.775580826066251,0.7970569549119481,0.7745416251075421,0.781980540528003
13/06/2024 01:00,0.781980540528003,0.781980540528003,0.722969480395878,0.7479813344058881
13/06/2024 05:00,0.7479813344058881,0.7508797183835624,0.7372426043527313,0.7443473915396722
13/06/2024 09:00,0.7443473915396722,0.7615041613043217,0.7316499396814183,0.7452423215848095
13/06/2024 13:00,0.7452423215848095,0.7709032983746467,0.6858186368716277,0.7076418681669854
13/06/2024 17:00,0.7076418681669854,0.7171915057393173,0.6957699838662647,0.6991913867984877
13/06/2024 21:00,0.6991913867984877,0.7118139162321554,0.6991913867984877,0.7037798090914952
14/06/2024 01:00,0.7037798090914952,0.7083826632761304,0.6935904025426773,0.702156389686266
14/06/2024 05:00,0.702156389686266,0.7202341254375858,0.7019902794864137,0.7198846347488282
14/06/2024 09:00,0.7198846347488282,0.72149087071808,0.7029691210602356,0.7144404331241602
14/06/2024 13:00,0.7144404331241602,0.7263384091670797,0.6434659920195867,0.6502944106846581
14/06/2024 17:00,0.6502944106846581,0.6699301479070462,0.6363457167660447,0.6597952023060132
14/06/2024 21:00,0.6597952023060132,0.6790628002990292,0.6597952023060132,0.6788801462427402
15/06/2024 01:00,0.6788801462427402,0.6822219457739618,0.6729775297514816,0.6813485208233557
15/06/2024 05:00,0.6813485208233557,0.6816922771115035,0.6713944638082022,0.6758271504612982
15/06/2024 09:00,0.6758271504612982,0.6814647833051933,0.6744849985701702,0.6807479106594563
15/06/2024 13:00,0.6807479106594563,0.6854431527618366,0.6761254552374105,0.6778870170286432
15/06/2024 17:00,0.6778870170286432,0.6780248926739192,0.6656894373016398,0.6716089338251151
15/06/2024 21:00,0.6716089338251151,0.6766785349082453,0.6702915212982434,0.6766656342788818
16/06/2024 01:00,0.6766656342788818,0.6766656342788818,0.6705063437426683,0.6734093774850021
16/06/2024 05:00,0.6734093774850021,0.6808267629675234,0.6734093774850021,0.6783792092577675
16/06/2024 09:00,0.6783792092577675,0.6938390753557594,0.6767322838317944,0.6882399240744255
16/06/2024 13:00,0.6882399240744255,0.6971033448239187,0.6882399240744255,0.6920506530875815
16/06/2024 17:00,0.6920506530875815,0.6931994839865613,0.6881710656592763,0.6881711588124305
16/06/2024 21:00,0.6881711588124305,0.7005577317377651,0.6862450608992994,0.6890494407021669
17/06/2024 01:00,0.6890494407021669,0.6890494407021669,0.675731787651364,0.6801773441308949
17/06/2024 05:00,0.6801773441308949,0.6866774417795698,0.6651271992784422,0.6724043230603131
17/06/2024 09:00,0.6724043230603131,0.6726723100835145,0.6466632380738971,0.6466632380738971
17/06/2024 13:00,0.6466632380738971,0.6615741920504302,0.6349473484665217,0.6615741920504302
17/06/2024 17:00,0.6615741920504302,0.7120116900109853,0.6615741920504302,0.679370275045512
17/06/2024 21:00,0.679370275045512,0.6898760908927021,0.6510624573081912,0.6551100510545489
18/06/2024 01:00,0.6551100510545489,0.6593680389768874,0.6182436378300774,0.6511476352111328
18/06/2024 05:00,0.6511476352111328,0.6566235816398562,0.6429045272664757,0.6549052065922133
18/06/2024 09:00,0.6549052065922133,0.6549052413809823,0.6301340536338922,0.6304122369467962
18/06/2024 13:00,0.6304122369467962,0.634121191009901,0.6021170402564026,0.6021170402564026
18/06/2024 17:00,0.6021170402564026,0.6229827623851528,0.5940116996641978,0.6229820440060522
18/06/2024 21:00,0.6229820440060522,0.6325559343705294,0.617672322191537,0.6325559343705294
19/06/2024 01:00,0.6325559343705294,0.6505411505712091,0.6186359210363521,0.6422384256005947
19/06/2024 05:00,0.6422384256005947,0.6473428803822797,0.6298519916844442,0.6298519916844442
19/06/2024 09:00,0.6298519916844442,0.6400225187240475,0.6264707466367891,0.6279520214588314
19/06/2024 13:00,0.6279520214588314,0.6297759772158251,0.6176674156977368,0.6231039263046801
19/06/2024 17:00,0.6231039263046801,0.6286883484138346,0.6130305134396052,0.6139438331986425
19/06/2024 21:00,0.6139438331986425,0.6248920802758613,0.6139438331986425,0.6248920802758613
20/06/2024 01:00,0.6248920802758613,0.6344098699595796,0.6236602203592143,0.6341612417374689
20/06/2024 05:00,0.6341612417374689,0.6569914216059667,0.6332560090046145,0.6467324017620169
20/06/2024 09:00,0.6467324017620169,0.6742900956586811,0.6467324017620169,0.6611205418073745
20/06/2024 13:00,0.6611205418073745,0.6611205418073745,0.6047420126555992,0.6143367955418587
20/06/2024 17:00,0.6143367955418587,0.6247846097402752,0.611661900010436,0.6232229546389799
20/06/2024 21:00,0.6232229546389799,0.6244562562402687,0.6097771509069779,0.6120412313446261
21/06/2024 01:00,0.6120412313446261,0.61930406237003,0.5961629967910385,0.60453079423692
21/06/2024 05:00,0.60453079423692,0.607584668139079,0.5888241839776609,0.588824248495362
21/06/2024 09:00,0.588824248495362,0.588824248495362,0.5593967424148942,0.561595246740328
21/06/2024 13:00,0.561595246740328,0.5885189246722088,0.5572336666491715,0.5663090750695959
21/06/2024 17:00,0.5663090750695959,0.5912285742425156,0.5565448959459253,0.5851157232169873
21/06/2024 21:00,0.5851157232169873,0.5851157232169873,0.5757063273759407,0.576109919637225
22/06/2024 01:00,0.576109919637225,0.5875126399196041,0.576109919637225,0.5860659244795716
22/06/2024 05:00,0.5860659244795716,0.5935267706409915,0.5852021224002047,0.5884032699823215
22/06/2024 09:00,0.5884032699823215,0.5890197354137549,0.5856475291814478,0.5890197354137549
22/06/2024 13:00,0.5890197354137549,0.5909518821629568,0.5876236510133522,0.5902834843107485
22/06/2024 17:00,0.5902834843107485,0.5905355361969947,0.5873876636721818,0.5880658873186506
22/06/2024 21:00,0.5880658873186506,0.5964471542714883,0.5880658873186506,0.5964471542714883
23/06/2024 01:00,0.5964471542714883,0.5964530720476593,0.5913347521297434,0.5919746174962026
23/06/2024 05:00,0.5919746174962026,0.593121161232004,0.5910373457160129,0.5919013056088913
23/06/2024 09:00,0.5919013056088913,0.5930443252903722,0.589135864650158,0.5912114824221949
23/06/2024 13:00,0.5912114824221949,0.5913763112880792,0.5810781016465686,0.5825947732522825
23/06/2024 17:00,0.5825947732522825,0.5845519768757007,0.5729178885521173,0.5729178885521173
23/06/2024 21:00,0.5729178885521173,0.5729178885521173,0.5454069538554475,0.5454069538554475
24/06/2024 01:00,0.5454069538554475,0.5570978302991525,0.5353738940618933,0.5403791951109055
24/06/2024 05:00,0.5403791951109055,0.5403791951109055,0.5195425494315591,0.5195444770362181
24/06/2024 09:00,0.5195444770362181,0.5195444770362181,0.47334536193080606,0.4793975883917441
24/06/2024 13:00,0.4793975883917441,0.4945798976639829,0.451054744791557,0.451054744791557
24/06/2024 17:00,0.451054744791557,0.45877061734832153,0.41846388005017426,0.42505309666544716
24/06/2024 21:00,0.42505309666544716,0.46201819920966947,0.42505309666544716,0.4572680382379189
25/06/2024 01:00,0.4572680382379189,0.48942345800547365,0.45457498563677146,0.48276920117691813
25/06/2024 05:00,0.48276920117691813,0.4852592770243981,0.4663186303595868,0.4691525535934815
25/06/2024 09:00,0.4691525535934815,0.486984461516198,0.4691525535934815,0.47698596415485595
25/06/2024 13:00,0.47698596415485595,0.5010173296832585,0.4753693269666112,0.48467740400570875
25/06/2024 17:00,0.48467740400570875,0.5098598034395118,0.4781988699938239,0.49797828255227905
25/06/2024 21:00,0.49797828255227905,0.49869258023886276,0.4906753705015653,0.4941555042149985
26/06/2024 01:00,0.4941555042149985,0.514454616735545,0.49291236311260017,0.49291236311260017
26/06/2024 05:00,0.49291236311260017,0.49291236311260017,0.4844941922206198,0.4869734878794081
26/06/2024 09:00,0.4869734878794081,0.4869734878794081,0.47727239869667537,0.4812283468126675
26/06/2024 13:00,0.4812283468126675,0.4957992257946184,0.4770816484298012,0.4770816484298012
26/06/2024 17:00,0.4770816484298012,0.4772827902999132,0.46231344269171765,0.46847138010245576
26/06/2024 21:00,0.46847138010245576,0.4707117546791158,0.4661179745188498,0.4688332417238534
27/06/2024 01:00,0.4688332417238534,0.4732556967577296,0.46686478684698896,0.47240583739132985
27/06/2024 05:00,0.47240583739132985,0.47240583739132985,0.4600424370549193,0.4650795582399842
27/06/2024 09:00,0.4650795582399842,0.4822060917864871,0.4650795582399842,0.47573102181620314
27/06/2024 13:00,0.47573102181620314,0.507931095762506,0.47573102181620314,0.48796395771150375
27/06/2024 17:00,0.48796395771150375,0.4964794890129192,0.4748357152001578,0.4797194357500679
27/06/2024 21:00,0.4797194357500679,0.4844605633942231,0.47913950631397534,0.4799371912838316
28/06/2024 01:00,0.4799371912838316,0.4996129570984688,0.4796266807650412,0.48377371067347885
28/06/2024 05:00,0.48377371067347885,0.4857010570653412,0.47170110669610277,0.4738946724920248
28/06/2024 09:00,0.4738946724920248,0.48650037099978655,0.4738946724920248,0.4744199018990064
28/06/2024 13:00,0.4744199018990064,0.48358306033778814,0.455140276042389,0.455140276042389
28/06/2024 17:00,0.455140276042389,0.4605791703368917,0.43535248623744277,0.43768146512305317
28/06/2024 21:00,0.43768146512305317,0.4537910906725516,0.4370356460846381,0.4489620248373743
29/06/2024 01:00,0.4489620248373743,0.45955046473737593,0.4489620248373743,0.455006524629664
29/06/2024 05:00,0.455006524629664,0.46476791591766753,0.45331135622411095,0.4596150959089574
29/06/2024 09:00,0.4596150959089574,0.46571942791377247,0.45889411773412914,0.4611965909389784
29/06/2024 13:00,0.4611965909389784,0.46358065165719053,0.4585529301804109,0.4587458172550557
29/06/2024 17:00,0.4587458172550557,0.4616460132448588,0.4585964330089955,0.4594489199783153
29/06/2024 21:00,0.4594489199783153,0.4615139108524931,0.45789717692190857,0.46075793735180337
30/06/2024 01:00,0.46075793735180337,0.46075793735180337,0.4525487623114583,0.4530005031151418
30/06/2024 05:00,0.4530005031151418,0.4803206519598634,0.4523617983688696,0.47354407181956654
30/06/2024 09:00,0.47354407181956654,0.47782637955019686,0.4706247430156131,0.4725506038095157
30/06/2024 13:00,0.4725506038095157,0.48341577754264037,0.4725506038095157,0.4775079846325718
30/06/2024 17:00,0.4775079846325718,0.49880902169465247,0.47749911345818574,0.4900277633924388
30/06/2024 21:00,0.4900277633924388,0.5191401610225417,0.48644292572000214,0.5172284250133071
01/07/2024 01:00,0.5172284250133071,0.5442685610176755,0.5172284250133071,0.5281490385767397
01/07/2024 05:00,0.5281490385767397,0.5342511865269257,0.5156724763876943,0.5176062258318036
01/07/2024 09:00,0.5176062258318036,0.5191744984602614,0.5087994929627443,0.5158018000121825
01/07/2024 13:00,0.5158018000121825,0.5282863299654242,0.5091300970777036,0.5222633842228754
01/07/2024 17:00,0.5222633842228754,0.5444747695151751,0.5222605557579084,0.5294441634378435
01/07/2024 21:00,0.5294441634378435,0.5294441634378435,0.5134006773966903,0.5168086557332906
02/07/2024 01:00,0.5168086557332906,0.5264418546109387,0.5132618349782492,0.5208602662497691
02/07/2024 05:00,0.5208602662497691,0.5208602662497691,0.5034230179093319,0.508169875774501
02/07/2024 09:00,0.508169875774501,0.5157912636900606,0.5016381864531301,0.5120135598686277
02/07/2024 13:00,0.5120135598686277,0.5165232052793901,0.4825954758968072,0.4853243659400037
02/07/2024 17:00,0.4853243659400037,0.4959416688993628,0.4810159583894358,0.4858574786456525
02/07/2024 21:00,0.4858574786456525,0.49253850233184127,0.482193925101133,0.48809921284072955
03/07/2024 01:00,0.48809921284072955,0.4897051467764401,0.4500228735126791,0.4500228735126791
03/07/2024 05:00,0.4500228735126791,0.4588961035952663,0.4433295799281209,0.4433295799281209
03/07/2024 09:00,0.4433295799281209,0.4436028101234721,0.42425930025946007,0.4274640385709437
03/07/2024 13:00,0.4274640385709437,0.44223106333537227,0.42177548553827987,0.4388062569762295
03/07/2024 17:00,0.4388062569762295,0.4388065751912547,0.4179358289497842,0.4179358289497842
03/07/2024 21:00,0.4179358289497842,0.4371860894915781,0.4137428039246403,0.4371860894915781
04/07/2024 01:00,0.4371860894915781,0.4371860894915781,0.3851580255528281,0.396091411139518
04/07/2024 05:00,0.396091411139518,0.397741767768345,0.36474277901351004,0.36474277901351004
04/07/2024 09:00,0.36474277901351004,0.37094794921397967,0.35459844604482477,0.35459844604482477
04/07/2024 13:00,0.35459844604482477,0.3809717119246699,0.3458941461041753,0.3809717119246699
04/07/2024 17:00,0.3809717119246699,0.38698996202344177,0.37274681401260523,0.37962260939536
04/07/2024 21:00,0.37962260939536,0.38714827524812134,0.33966958637449235,0.3570638849290338
05/07/2024 01:00,0.3570638849290338,0.3570638849290338,0.2710962159563433,0.2723234293830408
05/07/2024 05:00,0.2723234293830408,0.28873704788244864,0.27093896259842704,0.27710862207914716
05/07/2024 09:00,0.27710862207914716,0.30941246303691855,0.2739047613050815,0.29391313858991275
05/07/2024 13:00,0.29391313858991275,0.3271632780880087,0.28886998610886094,0.32015277533332964
05/07/2024 17:00,0.32015277533332964,0.33046130565528614,0.30965124232046864,0.31871003910112744
05/07/2024 21:00,0.31871003910112744,0.3297761386621002,0.3187085408773478,0.3237181630593307
06/07/2024 01:00,0.3237181630593307,0.3237181630593307,0.31057242569184557,0.31057253178268557
06/07/2024 05:00,0.31057253178268557,0.3238558729152513,0.31057253178268557,0.3212125703765871
06/07/2024 09:00,0.3212125703765871,0.32744310434438684,0.31913816779242044,0.3250427236888325
06/07/2024 13:00,0.3250427236888325,0.3526070734109465,0.3247816914342067,0.34929063293533585
06/07/2024 17:00,0.34929063293533585,0.35619761208843065,0.34610248511747904,0.3532852716156476
06/07/2024 21:00,0.3532852716156476,0.3625929316111483,0.3490990000584477,0.3514388491200006
07/07/2024 01:00,0.3514388491200006,0.35900638918069183,0.3420356741252124,0.3420358204132199
07/07/2024 05:00,0.3420358204132199,0.3467220098421349,0.3312409977481364,0.34284149495385524
07/07/2024 09:00,0.34284149495385524,0.3484947457975752,0.33280492713073534,0.3328914814497001
07/07/2024 13:00,0.3328914814497001,0.3342095037676626,0.318154653193782,0.3279605080542725
07/07/2024 17:00,0.3279605080542725,0.33430855505794954,0.3222996926587511,0.3328423786245688
07/07/2024 21:00,0.3328423786245688,0.3328423786245688,0.2853018208778356,0.28549123321608444
08/07/2024 01:00,0.28549123321608444,0.29206255043863755,0.2659478637380248,0.29206255043863755
08/07/2024 05:00,0.29206255043863755,0.33787272293830434,0.28544203928487244,0.33777165302486184
08/07/2024 09:00,0.33777165302486184,0.3409939082882802,0.3221551023902553,0.3264759560553574
08/07/2024 13:00,0.3264759560553574,0.33060462118629774,0.2860555162449663,0.2991833306500161
08/07/2024 17:00,0.2991833306500161,0.3123652440838177,0.2977302540708913,0.30799805405715375
08/07/2024 21:00,0.30799805405715375,0.3201292233613681,0.3077777816953367,0.31204820006418815
09/07/2024 01:00,0.31204820006418815,0.3291852772944365,0.31040028946131326,0.3279906876875771
09/07/2024 05:00,0.3279906876875771,0.3387056325819697,0.32327626568940904,0.3375034607134373
09/07/2024 09:00,0.3375034607134373,0.3375034607134373,0.3273189600580385,0.3310676190557666
09/07/2024 13:00,0.3310676190557666,0.34099134277948584,0.3227542423395123,0.32809442140837564
09/07/2024 17:00,0.32809442140837564,0.3439825026302959,0.32809442140837564,0.3405230821339679
09/07/2024 21:00,0.3405230821339679,0.34354722150437766,0.33016234425802016,0.3301625086653905
10/07/2024 01:00,0.3301625086653905,0.35969379534693957,0.3287348642223795,0.35969379534693957
10/07/2024 05:00,0.35969379534693957,0.37058070634087903,0.35752625937244414,0.35752625937244414
10/07/2024 09:00,0.35752625937244414,0.3589282598317992,0.3379300937439989,0.3379300937439989
10/07/2024 13:00,0.3379300937439989,0.3473845587093804,0.33234050839970486,0.3357848654690298
10/07/2024 17:00,0.3357848654690298,0.3357848654690298,0.32199062493480907,0.3235074582975085
10/07/2024 21:00,0.3235074582975085,0.3367953003055472,0.3235074582975085,0.3282656228118747
11/07/2024 01:00,0.3282656228118747,0.3447437163578454,0.32488185195624036,0.33434097577164495
11/07/2024 05:00,0.33434097577164495,0.34510703079632804,0.33375071139424145,0.34144652976842643
11/07/2024 09:00,0.34144652976842643,0.3679433260868507,0.34144652976842643,0.36230286406225215
11/07/2024 13:00,0.36230286406225215,0.36230286406225215,0.3253305003233686,0.3285248257344762
11/07/2024 17:00,0.3285248257344762,0.3370065823456075,0.32371161995572395,0.3268369024151379
11/07/2024 21:00,0.3268369024151379,0.3295727512361821,0.32148746421566016,0.32148746421566016
12/07/2024 01:00,0.32148746421566016,0.3254534564852794,0.30929756022067534,0.3168170273537496
12/07/2024 05:00,0.3168170273537496,0.32363003819690733,0.313636017284067,0.3212958665839591
12/07/2024 09:00,0.3212958665839591,0.3235595145061886,0.31510223512318614,0.32311987658007146
12/07/2024 13:00,0.32311987658007146,0.3434878241448234,0.32311987658007146,0.3391499809507362
12/07/2024 17:00,0.3391499809507362,0.3486034166319028,0.32563534400427663,0.328387654876664
12/07/2024 21:00,0.328387654876664,0.3347126699471532,0.328387654876664,0.33470396287462834
13/07/2024 01:00,0.33470396287462834,0.33693767611176884,0.3330420604441783,0.33418868823248454
13/07/2024 05:00,0.33418868823248454,0.34107488632981814,0.33306623644213723,0.3396518716927771
13/07/2024 09:00,0.3396518716927771,0.3539761605892608,0.33696833558930606,0.3539761605892608
13/07/2024 13:00,0.3539761605892608,0.35564334757204913,0.3485397018645076,0.35294747757255923
13/07/2024 17:00,0.35294747757255923,0.3536228121411771,0.34966046615351004,0.3509892750055805
13/07/2024 21:00,0.3509892750055805,0.3744827474710353,0.34544707467787084,0.3702872623030872
14/07/2024 01:00,0.3702872623030872,0.3756345198595504,0.36515850750850665,0.3756345198595504
14/07/2024 05:00,0.3756345198595504,0.3889624118966905,0.3756345198595504,0.38745315049887497
14/07/2024 09:00,0.38745315049887497,0.38892737886099915,0.37559013878621134,0.37559013878621134
14/07/2024 13:00,0.37559013878621134,0.38443597512053496,0.37127972216022337,0.3810972634600336
14/07/2024 17:00,0.3810972634600336,0.3838019913899895,0.37800544437868056,0.3824118943340738
14/07/2024 21:00,0.3824118943340738,0.40763782926449327,0.38213201225607374,0.40763782926449327
15/07/2024 01:00,0.40763782926449327,0.45050714183281254,0.40763782926449327,0.4468195564973095
15/07/2024 05:00,0.4468195564973095,0.45924777036650377,0.4468195564973095,0.4527233054885198
15/07/2024 09:00,0.4527233054885198,0.4527234395621509,0.4385028971252886,0.44556793897972746
15/07/2024 13:00,0.44556793897972746,0.4714888815653024,0.4437484704143032,0.47133545626219975
15/07/2024 17:00,0.47133545626219975,0.4823492910736539,0.46300587782598857,0.48145703824353064
15/07/2024 21:00,0.48145703824353064,0.5140762977023631,0.48129737188650773,0.5140762977023631
16/07/2024 01:00,0.5140762977023631,0.5140762977023631,0.47878034870328234,0.4956415791106511
16/07/2024 05:00,0.4956415791106511,0.4956415791106511,0.43773573640011326,0.44480946668706156
16/07/2024 09:00,0.44480946668706156,0.48087253601447466,0.44479216031957475,0.4765887769230876
16/07/2024 13:00,0.4765887769230876,0.5102288465596401,0.4550051760951099,0.4878005126185687
16/07/2024 17:00,0.4878005126185687,0.5109109575900873,0.4867560289055825,0.5007730430226388
16/07/2024 21:00,0.5007730430226388,0.5201397276152341,0.4965828344818747,0.5178364551862756
17/07/2024 01:00,0.5178364551862756,0.5328353449747378,0.5157257764128264,0.5275378098657125
17/07/2024 05:00,0.5275378098657125,0.5278727312420516,0.4986564335166972,0.5108869107259951
17/07/2024 09:00,0.5108869107259951,0.5124190304214473,0.4924205388297078,0.49315264591079494
17/07/2024 13:00,0.49315264591079494,0.5055708959295031,0.4701743002845633,0.4701743002845633
17/07/2024 17:00,0.4701743002845633,0.48970453875211617,0.46982456364515035,0.4849865834018523
17/07/2024 21:00,0.4849865834018523,0.4849865834018523,0.47169931749028005,0.48459890719267057
18/07/2024 01:00,0.48459890719267057,0.49444303080387886,0.4806827203346447,0.484389748499102
18/07/2024 05:00,0.484389748499102,0.4989508942438222,0.47982604288143454,0.493917841474255
18/07/2024 09:00,0.493917841474255,0.493917841474255,0.4825821662818523,0.49301005582859264
18/07/2024 13:00,0.49301005582859264,0.49696025897995083,0.4497039603673522,0.46012090806417816
18/07/2024 17:00,0.46012090806417816,0.46212483440205954,0.44659219097982517,0.4534272991475128
18/07/2024 21:00,0.4534272991475128,0.4620054758609741,0.4534272991475128,0.4620054758609741
19/07/2024 01:00,0.4620054758609741,0.4752705692019719,0.4573134226383896,0.47083664915152984
19/07/2024 05:00,0.47083664915152984,0.4767046538987515,0.4552876787661788,0.4552876787661788
19/07/2024 09:00,0.4552876787661788,0.4755473281942488,0.4552876787661788,0.4755473281942488
19/07/2024 13:00,0.4755473281942488,0.53787364847286,0.46828161919829187,0.5326992350579542
19/07/2024 17:00,0.5326992350579542,0.5663223797612742,0.5326992350579542,0.5535950260371658
19/07/2024 21:00,0.5535950260371658,0.5653199942760497,0.5373371914570296,0.5396095935016225
20/07/2024 01:00,0.5396095935016225,0.5454161689273407,0.5324528758672242,0.541689793495802
20/07/2024 05:00,0.541689793495802,0.54504980422045,0.5392120753130779,0.5392120753130779
20/07/2024 09:00,0.5392120753130779,0.5450494604408227,0.5379470292198707,0.5379640425092319
20/07/2024 13:00,0.5379640425092319,0.5507501097111144,0.5348011958840493,0.5455271238358177
20/07/2024 17:00,0.5455271238358177,0.5677912360254279,0.5455271238358177,0.5625389645521512
20/07/2024 21:00,0.5625389645521512,0.5625389645521512,0.5497963694216625,0.55091903202644
21/07/2024 01:00,0.55091903202644,0.5613007955031406,0.5503311340673048,0.5528220231033918
21/07/2024 05:00,0.5528220231033918,0.5528220231033918,0.5356887839547472,0.5417110815876915
21/07/2024 09:00,0.5417110815876915,0.5479114250553676,0.541206495697821,0.544282808985236
21/07/2024 13:00,0.544282808985236,0.56335321379534,0.5373404262092778,0.5585346695702703
21/07/2024 17:00,0.5585346695702703,0.5864479825542567,0.5138034558425298,0.5784870038534253
21/07/2024 21:00,0.5784870038534253,0.6027102220256113,0.5703276931942306,0.5939563937309731
22/07/2024 01:00,0.5939563937309731,0.5939563937309731,0.5715836235678823,0.5737523176696339
22/07/2024 05:00,0.5737523176696339,0.5737523176696339,0.5467101366197415,0.5468307838090853
22/07/2024 09:00,0.5468307838090853,0.5642211877568475,0.5468307838090853,0.5642211877568475
22/07/2024 13:00,0.5642211877568475,0.5700942295204822,0.5342878353440531,0.5464788239498195
22/07/2024 17:00,0.5464788239498195,0.5813729872158525,0.5443880573454519,0.5722590604814883
22/07/2024 21:00,0.5722590604814883,0.5759652114214535,0.5528458418774649,0.5582558933970098
23/07/2024 01:00,0.5582558933970098,0.5597295872424423,0.5464186014469127,0.5464186014469127
23/07/2024 05:00,0.5464186014469127,0.5464186014469127,0.5182988849100619,0.53643784658217
23/07/2024 09:00,0.53643784658217,0.5433550169960478,0.520206094974933,0.520206094974933
23/07/2024 13:00,0.520206094974933,0.545691991041019,0.5083400294278125,0.545684334132323
23/07/2024 17:00,0.545684334132323,0.545684334132323,0.49284989521818284,0.5043774253829723
23/07/2024 21:00,0.5043774253829723,0.5063711319294978,0.5015444954044214,0.5021334734301378
24/07/2024 01:00,0.5021334734301378,0.5069743073623715,0.490729114885966,0.5069486653554798
24/07/2024 05:00,0.5069486653554798,0.5186058586045134,0.49818532856622916,0.5185423521612931
24/07/2024 09:00,0.5185423521612931,0.521212962772211,0.5143349051984721,0.5143349051984721
24/07/2024 13:00,0.5143349051984721,0.5354538394944993,0.5089011811601017,0.516573197427223
24/07/2024 17:00,0.516573197427223,0.5262551824843161,0.4960749900252887,0.5055262332711263
24/07/2024 21:00,0.5055262332711263,0.5055262332711263,0.4846621280173846,0.4891437582300691
25/07/2024 01:00,0.4891437582300691,0.4891437582300691,0.4445178960377613,0.4473337666425117
25/07/2024 05:00,0.4473337666425117,0.45225624891253874,0.4427252357384825,0.4509208975251939
25/07/2024 09:00,0.4509208975251939,0.45578435635011527,0.441125340050596,0.44520878204759873
25/07/2024 13:00,0.44520878204759873,0.47097134647054323,0.43125507131890684,0.4687803143933902
25/07/2024 17:00,0.4687803143933902,0.47410194532028804,0.4585490438994953,0.47297312315918955
25/07/2024 21:00,0.47297312315918955,0.5091657826733214,0.47297312315918955,0.5091657826733214
26/07/2024 01:00,0.5091657826733214,0.5404381519037409,0.5091657826733214,0.5314991845891532
26/07/2024 05:00,0.5314991845891532,0.5356498935159956,0.5291087346127086,0.532903117987149
26/07/2024 09:00,0.532903117987149,0.5421471504092581,0.5328856715037004,0.5363813465222692
26/07/2024 13:00,0.5363813465222692,0.5520534452591249,0.5363813465222692,0.5472040401234615
26/07/2024 17:00,0.5472040401234615,0.5572018867814448,0.5448971565681844,0.5448971565681844
26/07/2024 21:00,0.5448971565681844,0.5620080310744783,0.5448971565681844,0.5551782060883885
27/07/2024 01:00,0.5551782060883885,0.5611083576692552,0.5507405802656449,0.5551818933436743
27/07/2024 05:00,0.5551818933436743,0.566151585476372,0.5551569951321332,0.5580166168170152
27/07/2024 09:00,0.5580166168170152,0.5734467025741871,0.5567832707838101,0.5708342366786417
27/07/2024 13:00,0.5708342366786417,0.6026392609773629,0.5708342366786417,0.5815002863517139
27/07/2024 17:00,0.5815002863517139,0.5884210121811966,0.5322744680333761,0.5492969654659899
27/07/2024 21:00,0.5492969654659899,0.5855931919770687,0.5445607328597658,0.5469447369002546
28/07/2024 01:00,0.5469447369002546,0.5609594774250419,0.5459904504117429,0.5459905564526641
28/07/2024 05:00,0.5459905564526641,0.5459905564526641,0.5317250538168264,0.5361640357232026
28/07/2024 09:00,0.5361640357232026,0.5570165854775101,0.5361640357232026,0.5570165854775101
28/07/2024 13:00,0.5570165854775101,0.5570165854775101,0.5451675518900522,0.5451675518900522
28/07/2024 17:00,0.5451675518900522,0.5621719624495259,0.5451675518900522,0.5544821883066988
28/07/2024 21:00,0.5544821883066988,0.5804957102574722,0.5517204008995437,0.5744970119268377
29/07/2024 01:00,0.5744970119268377,0.6040358864020594,0.5627441661729595,0.595652953826058
29/07/2024 05:00,0.595652953826058,0.6131153276768153,0.595652953826058,0.6022435132990944
29/07/2024 09:00,0.6022435132990944,0.6150811134510619,0.6003511924672496,0.608918392382542
29/07/2024 13:00,0.608918392382542,0.6144516243360771,0.5202369127331395,0.5202369127331395
29/07/2024 17:00,0.5202369127331395,0.5336200384807825,0.5103315288330449,0.5302719715945663
29/07/2024 21:00,0.5302719715945663,0.5302719715945663,0.49676250187839893,0.5010809990282435
30/07/2024 01:00,0.5010809990282435,0.5102773430004793,0.4891156021902988,0.5068591192420125
30/07/2024 05:00,0.5068591192420125,0.5142577764383971,0.4973737888589135,0.5126310897144205
30/07/2024 09:00,0.5126310897144205,0.5126310897144205,0.503295667381307,0.503295667381307
30/07/2024 13:00,0.503295667381307,0.503295667381307,0.503295667381307,0.503295667381307
30/07/2024 17:00,0.503295667381307,0.503295667381307,0.46440688991564005,0.48621726549660194
30/07/2024 21:00,0.48621726549660194,0.4930110751255003,0.4823959337760633,0.4900568940338869
31/07/2024 01:00,0.4900568940338869,0.49286388696283323,0.46846077272575426,0.46846077272575426
31/07/2024 05:00,0.46846077272575426,0.49818012797273925,0.46846077272575426,0.49247957601121184
31/07/2024 09:00,0.49247957601121184,0.49247957601121184,0.48141382360546503,0.4850176768950711
31/07/2024 13:00,0.4850176768950711,0.5052194540937422,0.4850176768950711,0.4937652020572518
31/07/2024 17:00,0.4937652020572518,0.5031206534274619,0.44250971277048445,0.4433504727635368
31/07/2024 21:00,0.4433504727635368,0.4523773160845936,0.4413924523186344,0.44293311707651245
01/08/2024 01:00,0.44293311707651245,0.4471509967212368,0.4133670344951312,0.4157200984855035
01/08/2024 05:00,0.4157200984855035,0.43644914233978144,0.41392497541388884,0.43644560636253305
01/08/2024 09:00,0.43644560636253305,0.4478896827009368,0.4326612178187094,0.4478896827009368
01/08/2024 13:00,0.4478896827009368,0.4497561149647555,0.39015161435922774,0.3927277824721858
01/08/2024 17:00,0.3927277824721858,0.42483615711564476,0.3782359905923381,0.42483615711564476
01/08/2024 21:00,0.42483615711564476,0.45902610684649764,0.42483615711564476,0.44659597635842063
02/08/2024 01:00,0.44659597635842063,0.44659597635842063,0.417167074686634,0.4345520416820432
02/08/2024 05:00,0.4345520416820432,0.4345520416820432,0.4186351995137171,0.43210438221220393
02/08/2024 09:00,0.43210438221220393,0.444389137549944,0.43026751726499884,0.44027885018315954
02/08/2024 13:00,0.44027885018315954,0.4545927301347732,0.39083038044472135,0.4073809427243136
02/08/2024 17:00,0.4073809427243136,0.4073809427243136,0.37924582986065747,0.3862016151091575
02/08/2024 21:00,0.3862016151091575,0.3862016151091575,0.35765405237701053,0.3581057061938078
03/08/2024 01:00,0.3581057061938078,0.36864134752549477,0.3405704623330563,0.3586823712411637
03/08/2024 05:00,0.3586823712411637,0.3667091975109628,0.3586823712411637,0.36042460673708504
03/08/2024 09:00,0.36042460673708504,0.3741571503878628,0.3587553882784945,0.37084025692941225
03/08/2024 13:00,0.37084025692941225,0.3737971515665881,0.3377710805754064,0.3455071701323346
03/08/2024 17:00,0.3455071701323346,0.3455071701323346,0.3266929647774291,0.33327090117383495
03/08/2024 21:00,0.33327090117383495,0.3427424587119295,0.3263204640761407,0.34118900265920604
04/08/2024 01:00,0.34118900265920604,0.3457240012397624,0.3360343395933972,0.34062323996569716
04/08/2024 05:00,0.34062323996569716,0.3438280214830463,0.33050843706072225,0.3333884981262198
04/08/2024 09:00,0.3333884981262198,0.34720772383796883,0.3333884981262198,0.34720772383796883
04/08/2024 13:00,0.34720772383796883,0.34720772383796883,0.29671149128557217,0.29671149128557217
04/08/2024 17:00,0.29671149128557217,0.30791723784539776,0.276406134682733,0.30791723784539776
04/08/2024 21:00,0.30791723784539776,0.30791723784539776,0.25608553475717577,0.25608553475717577
05/08/2024 01:00,0.25608553475717577,0.25608553475717577,0.1877895973132762,0.19444066368148366
05/08/2024 05:00,0.19444066368148366,0.19559360637075224,0.1470748495915575,0.17718634044218265
05/08/2024 09:00,0.17718634044218265,0.17718634044218265,0.1519158880403262,0.15787808060458783
05/08/2024 13:00,0.15787808060458783,0.20209770979177336,0.1464121670141284,0.19861720950491488
05/08/2024 17:00,0.19861720950491488,0.20079324505846083,0.17571496696521327,0.19003222822994173
05/08/2024 21:00,0.19003222822994173,0.21604193412602962,0.19003222822994173,0.21411542502698083
06/08/2024 01:00,0.21411542502698083,0.2236346347616982,0.21378413655481576,0.2158813210084998
06/08/2024 05:00,0.2158813210084998,0.2212556550311085,0.20432995973016127,0.20432995973016127
06/08/2024 09:00,0.20432995973016127,0.2107401852445586,0.20253785646457728,0.2107401852445586
06/08/2024 13:00,0.2107401852445586,0.23150520675001968,0.2107401852445586,0.23150520675001968
06/08/2024 17:00,0.23150520675001968,0.23567881764812174,0.22668814217424504,0.23150459236396767
06/08/2024 21:00,0.23150459236396767,0.23332260325688764,0.21946416454645548,0.2233868275669339
07/08/2024 01:00,0.2233868275669339,0.23988729764854286,0.2233868275669339,0.2378254534781728
07/08/2024 05:00,0.2378254534781728,0.23956248750697492,0.23467939753857495,0.2392848003708906
07/08/2024 09:00,0.2392848003708906,0.2447511145630588,0.23290675679491102,0.23925526663247362
07/08/2024 13:00,0.23925526663247362,0.23925526663247362,0.21439720118827568,0.22077613927036632
07/08/2024 17:00,0.22077613927036632,0.22077613927036632,0.19841450325385268,0.2020632994263331
07/08/2024 21:00,0.2020632994263331,0.20859661606133417,0.2016359490718067,0.2038636120394838
08/08/2024 01:00,0.2038636120394838,0.2383697691434435,0.2038636120394838,0.22721409207424678
08/08/2024 05:00,0.22721409207424678,0.23653470545637725,0.22721409207424678,0.2349658946123862
08/08/2024 09:00,0.2349658946123862,0.24080001742955304,0.23226151327444108,0.24080001742955304
08/08/2024 13:00,0.24080001742955304,0.2734805279520063,0.22549670755616474,0.27074043276297033
08/08/2024 17:00,0.27074043276297033,0.27410903296997635,0.2676364944624474,0.2706594797768366
08/08/2024 21:00,0.2706594797768366,0.3045453804954013,0.26944953372318603,0.29624653677794366
09/08/2024 01:00,0.29624653677794366,0.29803988903841916,0.2883969206034126,0.2883969206034126
09/08/2024 05:00,0.2883969206034126,0.2904988973187498,0.2822278152881643,0.2896255041981179
09/08/2024 09:00,0.2896255041981179,0.2896255041981179,0.2779650575680336,0.27853134734409885
09/08/2024 13:00,0.27853134734409885,0.28999727239727585,0.26305611282082364,0.2721457012030526
09/08/2024 17:00,0.2721457012030526,0.2864497039916471,0.269755253111412,0.281935841833117
09/08/2024 21:00,0.281935841833117,0.2842102691455891,0.2713500157812831,0.28096621145158346
10/08/2024 01:00,0.28096621145158346,0.28147643254627147,0.2747504554046132,0.2747504554046132
10/08/2024 05:00,0.2747504554046132,0.2837243578160304,0.2747504554046132,0.28216032128333013
10/08/2024 09:00,0.28216032128333013,0.28792206133405224,0.28216032128333013,0.28252030465477196
10/08/2024 13:00,0.28252030465477196,0.28252030465477196,0.2783747944551654,0.28116145976096485
10/08/2024 17:00,0.28116145976096485,0.28828416207901303,0.2803891232464442,0.28695543446342986
10/08/2024 21:00,0.28695543446342986,0.28916145667750903,0.28393785650495734,0.2884069855885288
11/08/2024 01:00,0.2884069855885288,0.2926166560185429,0.2857613871931824,0.28586631906707033
11/08/2024 05:00,0.28586631906707033,0.2927923110844368,0.2856154837263478,0.2927923110844368
11/08/2024 09:00,0.2927923110844368,0.2927923110844368,0.2754066515639193,0.2754066515639193
11/08/2024 13:00,0.2754066515639193,0.2762671624447521,0.2679775119043794,0.2697459052771741
11/08/2024 17:00,0.2697459052771741,0.2731498553756504,0.24140200852818378,0.24140200852818378
11/08/2024 21:00,0.24140200852818378,0.24761932115630925,0.23658433168104945,0.23658433168104945
12/08/2024 01:00,0.23658433168104945,0.24349060387676771,0.23658433168104945,0.2405609348175454
12/08/2024 05:00,0.2405609348175454,0.24523069511744774,0.23375173445570463,0.24091868911867229
12/08/2024 09:00,0.24091868911867229,0.2590423782011255,0.23401658628933136,0.25720260566105524
12/08/2024 13:00,0.25720260566105524,0.26633975400933096,0.2384809718245883,0.25811554832456113
12/08/2024 17:00,0.25811554832456113,0.25811554832456113,0.24050740019518288,0.24143467262890583
12/08/2024 21:00,0.24143467262890583,0.25687959229988605,0.2409591922775448,0.25687959229988605
13/08/2024 01:00,0.25687959229988605,0.2594938163280232,0.24486813297862278,0.25040040129963304
13/08/2024 05:00,0.25040040129963304,0.2536751505061803,0.24605139397589412,0.24605139397589412
13/08/2024 09:00,0.24605139397589412,0.24674059467595894,0.24002286157195962,0.24444528213502936
13/08/2024 13:00,0.24444528213502936,0.2764633391941825,0.24444528213502936,0.2764633391941825
13/08/2024 17:00,0.2764633391941825,0.28574087635013384,0.26957931225834003,0.2719220199146365
13/08/2024 21:00,0.2719220199146365,0.27900683795116166,0.26857925690221307,0.2738444910361337
14/08/2024 01:00,0.2738444910361337,0.2808927718373668,0.2698291574124762,0.2764549128750693
14/08/2024 05:00,0.2764549128750693,0.276661174188629,0.2722237381784975,0.275113281203449
14/08/2024 09:00,0.275113281203449,0.2856074355107447,0.2746572232828643,0.2799537396507171
14/08/2024 13:00,0.2799537396507171,0.2799537396507171,0.23973047398579084,0.24170943943773687
14/08/2024 17:00,0.24170943943773687,0.24391235455633395,0.2361103128420543,0.24045883567363535
14/08/2024 21:00,0.24045883567363535,0.24045883567363535,0.23299973293996615,0.23844969296281907
15/08/2024 01:00,0.23844969296281907,0.23844969296281907,0.22627358228417882,0.22827912435598138
15/08/2024 05:00,0.22827912435598138,0.2315760054082191,0.22197763017979746,0.22671056786793448
15/08/2024 09:00,0.22671056786793448,0.23910313326663438,0.22671056786793448,0.2338673025591154
15/08/2024 13:00,0.2338673025591154,0.24774531807141809,0.23364164724263,0.24317878019680145
15/08/2024 17:00,0.24317878019680145,0.24317878019680145,0.2019314555022137,0.2019314555022137
15/08/2024 21:00,0.2019314555022137,0.2148748479933647,0.2019314555022137,0.211463389140116
16/08/2024 01:00,0.211463389140116,0.22057131750000553,0.2066200342125024,0.21974093530678404
16/08/2024 05:00,0.21974093530678404,0.2267080729356533,0.21974093530678404,0.2243757266539312
16/08/2024 09:00,0.2243757266539312,0.22660884587604915,0.21220893611919914,0.21623911645118388
16/08/2024 13:00,0.21623911645118388,0.22545521931758783,0.2146139532344349,0.22332891006494893
16/08/2024 17:00,0.22332891006494893,0.24343330215067527,0.22332891006494893,0.2356266255647641
16/08/2024 21:00,0.2356266255647641,0.23584228138454758,0.22956288804603042,0.23294973827118884
17/08/2024 01:00,0.23294973827118884,0.23640008588967504,0.232154401566907,0.234767884793253
17/08/2024 05:00,0.234767884793253,0.23528203096500214,0.23228398690826416,0.23462880292065724
17/08/2024 09:00,0.23462880292065724,0.23804187327984458,0.23267296365113493,0.23519166981262563
17/08/2024 13:00,0.23519166981262563,0.24022535461220337,0.2347774190184134,0.24022535461220337
17/08/2024 17:00,0.24022535461220337,0.24022607912632934,0.23615476130154908,0.2364244782855441
17/08/2024 21:00,0.2364244782855441,0.2418765933495184,0.2340204989751496,0.2418765933495184
18/08/2024 01:00,0.2418765933495184,0.2446813126732794,0.23465171935222176,0.23567039692240904
18/08/2024 05:00,0.23567039692240904,0.23873032958029025,0.23567039692240904,0.23873032958029025
18/08/2024 09:00,0.23873032958029025,0.24608909257729036,0.23873032958029025,0.24452419196740965
18/08/2024 13:00,0.24452419196740965,0.24638701698469892,0.23953009088538538,0.2429269068583859
18/08/2024 17:00,0.2429269068583859,0.2429269068583859,0.23612259868430785,0.2407811444959058
18/08/2024 21:00,0.2407811444959058,0.24085782469407885,0.2169014564562995,0.2169014564562995
19/08/2024 01:00,0.2169014564562995,0.22232215189465526,0.21587312542199324,0.21915412408978394
19/08/2024 05:00,0.21915412408978394,0.22185841733398234,0.2183803555383256,0.2204348337374084
19/08/2024 09:00,0.2204348337374084,0.2208414637056874,0.21228928677105538,0.2176557228317904
19/08/2024 13:00,0.2176557228317904,0.22341900364237968,0.21207754734918968,0.21901704438287092
19/08/2024 17:00,0.21901704438287092,0.22723494696149377,0.21901704438287092,0.2266128860621146
19/08/2024 21:00,0.2266128860621146,0.24140356540529115,0.22403330025031568,0.24095349024414908
20/08/2024 01:00,0.24095349024414908,0.24894916555567853,0.24084269409326634,0.24894916555567853
20/08/2024 05:00,0.24894916555567853,0.253434048976009,0.24396786805627418,0.2459195252995338
20/08/2024 09:00,0.2459195252995338,0.24721073238453453,0.2403591592453491,0.24401870229475714
20/08/2024 13:00,0.24401870229475714,0.24591529253126507,0.21318295781165478,0.21383611629337324
20/08/2024 17:00,0.21383611629337324,0.22607824321013092,0.21261548923628446,0.22340428647937538
20/08/2024 21:00,0.22340428647937538,0.22379533740527355,0.21682630457092994,0.2187095756594715
21/08/2024 01:00,0.2187095756594715,0.2240094999737302,0.21499382090392774,0.2226853307675345
21/08/2024 05:00,0.2226853307675345,0.23014864934543242,0.2226853307675345,0.22527773946045318
21/08/2024 09:00,0.22527773946045318,0.22623968466725655,0.22051870853597133,0.22623968466725655
21/08/2024 13:00,0.22623968466725655,0.2330529232709364,0.22081821017276124,0.22992050722384816
21/08/2024 17:00,0.22992050722384816,0.25641712346044376,0.2279396528885118,0.24651892679560491
21/08/2024 21:00,0.24651892679560491,0.25275269479539825,0.24643286086247793,0.24643286086247793
22/08/2024 01:00,0.24643286086247793,0.24643286086247793,0.23082787234603885,0.24219519903309586
22/08/2024 05:00,0.24219519903309586,0.24646396721919264,0.2409052883050602,0.24533708697762158
22/08/2024 09:00,0.24533708697762158,0.25069024790595157,0.24376906719883912,0.24534262633502393
22/08/2024 13:00,0.24534262633502393,0.24534262633502393,0.23393360102002897,0.23643946872433622
22/08/2024 17:00,0.23643946872433622,0.23912730827272616,0.23387289158544658,0.2375766228075448
22/08/2024 21:00,0.2375766228075448,0.24202315472527777,0.23647446810265368,0.24202315472527777
23/08/2024 01:00,0.24202315472527777,0.2429521337331676,0.23983005425868012,0.2407428627769617
23/08/2024 05:00,0.2407428627769617,0.24975413085258089,0.2407428627769617,0.24920861478756653
23/08/2024 09:00,0.24920861478756653,0.2501705831885312,0.24256886274758444,0.24744426597236088
23/08/2024 13:00,0.24744426597236088,0.25558372020294484,0.24429933283528546,0.25393985291635773
23/08/2024 17:00,0.25393985291635773,0.2853490201854073,0.25393985291635773,0.2837556119755491
23/08/2024 21:00,0.2837556119755491,0.30125217376617003,0.2837556119755491,0.29082510138844747
24/08/2024 01:00,0.29082510138844747,0.29082510138844747,0.28577491948027584,0.2886841035733311
24/08/2024 05:00,0.2886841035733311,0.2935744740649407,0.2886841035733311,0.2935744740649407
24/08/2024 09:00,0.2935744740649407,0.2939320048722166,0.28917077690637394,0.2911254110121983
24/08/2024 13:00,0.2911254110121983,0.2947452437801114,0.28856870698948356,0.29359657674286255
24/08/2024 17:00,0.29359657674286255,0.2938125812250357,0.2885457964498966,0.2912358942125671
24/08/2024 21:00,0.2912358942125671,0.29473393956455124,0.28388985774926345,0.2911153101562851
25/08/2024 01:00,0.2911153101562851,0.2929447397549834,0.28854312997003867,0.29012007800304634
25/08/2024 05:00,0.29012007800304634,0.29105676963948207,0.28595154200058404,0.2880134997204172
25/08/2024 09:00,0.2880134997204172,0.288015587610815,0.2859138845564085,0.28696147762601715
25/08/2024 13:00,0.28696147762601715,0.29225498771960345,0.28696147762601715,0.28929463054760113
25/08/2024 17:00,0.28929463054760113,0.291751541978069,0.2890817332359854,0.29167345314393717
25/08/2024 21:00,0.29167345314393717,0.29988378270297733,0.28773602633982587,0.28773602633982587
26/08/2024 01:00,0.28773602633982587,0.2904340796303072,0.28553075852983606,0.2880761529253111
26/08/2024 05:00,0.2880761529253111,0.2880761529253111,0.281390204279799,0.2829136465249259
26/08/2024 09:00,0.2829136465249259,0.28730352419182115,0.27968986776431815,0.27968986776431815
26/08/2024 13:00,0.27968986776431815,0.28483828613972195,0.27491884645296005,0.2814480011469998
26/08/2024 17:00,0.2814480011469998,0.28351544965951486,0.27646682743729806,0.2797263803385544
26/08/2024 21:00,0.2797263803385544,0.2797263803385544,0.26719635689000815,0.26719635689000815
27/08/2024 01:00,0.26719635689000815,0.27434831864676773,0.26719635689000815,0.27218852387867937
27/08/2024 05:00,0.27218852387867937,0.2741949432621444,0.26757447868396605,0.2683359379386759
27/08/2024 09:00,0.2683359379386759,0.2702287060390897,0.26037863244343046,0.26321546954558533
27/08/2024 13:00,0.26321546954558533,0.26321546954558533,0.24985348274003993,0.24985348274003993
27/08/2024 17:00,0.24985348274003993,0.25734007378181173,0.24985348274003993,0.25526932161981714
27/08/2024 21:00,0.25526932161981714,0.25526932161981714,0.21254918425737523,0.21278666773839416
28/08/2024 01:00,0.21278666773839416,0.21878453084126415,0.2110693666454835,0.21538837521252516
28/08/2024 05:00,0.21538837521252516,0.21593930299885955,0.20639865254764983,0.2138909947756588
28/08/2024 09:00,0.2138909947756588,0.22596854943787023,0.2138909947756588,0.22481769130922993
28/08/2024 13:00,0.22481769130922993,0.22481769130922993,0.1981318857508587,0.2117684516263689
28/08/2024 17:00,0.2117684516263689,0.21627639017935665,0.20810419887105722,0.21446953716034606
28/08/2024 21:00,0.21446953716034606,0.21608251775310422,0.2104900076199366,0.2125065647545389
29/08/2024 01:00,0.2125065647545389,0.21500329347760147,0.21072663481386092,0.21362253207674542
29/08/2024 05:00,0.21362253207674542,0.22036332922159885,0.21362253207674542,0.2178465417579452
29/08/2024 09:00,0.2178465417579452,0.22908953617322064,0.2178465417579452,0.22896476986921913
29/08/2024 13:00,0.22896476986921913,0.23867262560571328,0.2271345773033851,0.2271345773033851
29/08/2024 17:00,0.2271345773033851,0.2310330290302659,0.21125865062592383,0.21600462216685376
29/08/2024 21:00,0.21600462216685376,0.2177273214214199,0.2093485620537634,0.21399405178747907
30/08/2024 01:00,0.21399405178747907,0.21399405178747907,0.20930129376593026,0.20952039646787946
30/08/2024 05:00,0.20952039646787946,0.21522878029446302,0.20597168260109264,0.21522878029446302
30/08/2024 09:00,0.21522878029446302,0.21522878029446302,0.21522878029446302,0.21522878029446302
30/08/2024 13:00,0.21522878029446302,0.2168050270436148,0.19420054937281583,0.20389735693007627
30/08/2024 17:00,0.20389735693007627,0.2126388941721493,0.20216150864325574,0.20912328449225404
30/08/2024 21:00,0.20912328449225404,0.21384299050923702,0.20912328449225404,0.2128041813841115
31/08/2024 01:00,0.2128041813841115,0.2137031392653202,0.2112129975973403,0.213453939604576
31/08/2024 05:00,0.213453939604576,0.21345525721513567,0.21029173632323278,0.21029173632323278
31/08/2024 09:00,0.21029173632323278,0.21200726092201466,0.20793477634551924,0.21200726092201466
31/08/2024 13:00,0.21200726092201466,0.21244683864522115,0.20796944184839355,0.20796944184839355
31/08/2024 17:00,0.20796944184839355,0.21098757500837917,0.20683514048994284,0.20876911040358215
31/08/2024 21:00,0.20876911040358215,0.21080624657466973,0.20863653771803845,0.20863653771803845
01/09/2024 01:00,0.20863653771803845,0.20873654827314195,0.20164932843826855,0.20164932843826855
01/09/2024 05:00,0.20164932843826855,0.20211784925078838,0.19640411469971644,0.19976498514710883
01/09/2024 09:00,0.19976498514710883,0.20134956319125716,0.19638891040000905,0.1966927143930576
01/09/2024 13:00,0.1966927143930576,0.20109700422945964,0.19344475195960883,0.19948203394250383
01/09/2024 17:00,0.19948203394250383,0.20498357090521593,0.19622143285026228,0.20276369939256525
01/09/2024 21:00,0.20276369939256525,0.20276369939256525,0.18806761559888088,0.18851889543094802
02/09/2024 01:00,0.18851889543094802,0.19373293319481658,0.18851889543094802,0.19065050281146545
02/09/2024 05:00,0.19065050281146545,0.20008284117074207,0.18976548285103056,0.1986410404894651
02/09/2024 09:00,0.1986410404894651,0.20481309824228383,0.19647318824038243,0.20166460391512858
02/09/2024 13:00,0.20166460391512858,0.20597217334985682,0.19830300326461447,0.20102262244068317
02/09/2024 17:00,0.20102262244068317,0.20895096551514739,0.20102262244068317,0.20895096551514739
02/09/2024 21:00,0.20895096551514739,0.21357332122482006,0.20893306773947423,0.21239583628645667
03/09/2024 01:00,0.21239583628645667,0.21758073785189633,0.21051058282561289,0.21051058282561289
03/09/2024 05:00,0.21051058282561289,0.21260722291292097,0.20646374837283843,0.20722407321969147
03/09/2024 09:00,0.20722407321969147,0.21267864373164247,0.20722407321969147,0.21172392865928494
03/09/2024 13:00,0.21172392865928494,0.2124156265287759,0.1926529686477716,0.19316045186474612
03/09/2024 17:00,0.19316045186474612,0.19927221419870023,0.19316045186474612,0.19927221419870023
03/09/2024 21:00,0.19927221419870023,0.19927221419870023,0.1879182602424472,0.1879182602424472
04/09/2024 01:00,0.1879182602424472,0.1879182602424472,0.17417806059239935,0.17998303800800677
04/09/2024 05:00,0.17998303800800677,0.18088303489266788,0.17462257216083737,0.1808183604855585
04/09/2024 09:00,0.1808183604855585,0.180891482865527,0.17765863618175792,0.18043551501344784
04/09/2024 13:00,0.18043551501344784,0.2006320277053052,0.17569288428083107,0.2006320277053052
04/09/2024 17:00,0.2006320277053052,0.2006320277053052,0.1922523736723582,0.19645502100186482
04/09/2024 21:00,0.19645502100186482,0.19853795145448255,0.19506259442854434,0.19690514476801382
05/09/2024 01:00,0.19690514476801382,0.19833615054681927,0.18377602754475011,0.18587205763715978
05/09/2024 05:00,0.18587205763715978,0.18587205763715978,0.17954476314070275,0.1831587651057612
05/09/2024 09:00,0.1831587651057612,0.1831587651057612,0.1775297215764473,0.17833648403341448
05/09/2024 13:00,0.17833648403341448,0.18546109361007224,0.171979049322861,0.17444284069928523
05/09/2024 17:00,0.17444284069928523,0.17857902090617872,0.17168606959521693,0.1719713199820118
05/09/2024 21:00,0.1719713199820118,0.174778049007017,0.17059402649169222,0.17312965508191197
06/09/2024 01:00,0.17312965508191197,0.18061981549851447,0.17160696666052044,0.1785892939377161
06/09/2024 05:00,0.1785892939377161,0.1785892939377161,0.16458307977753697,0.16853452318702328
06/09/2024 09:00,0.16853452318702328,0.18072528073643357,0.16788178002401258,0.18072528073643357
06/09/2024 13:00,0.18072528073643357,0.18072528073643357,0.14853677501993104,0.1493641855430396
06/09/2024 17:00,0.1493641855430396,0.15310387480282006,0.1386737598271411,0.1386737598271411
06/09/2024 21:00,0.1386737598271411,0.14956374313153106,0.1386737598271411,0.1489273839979974
07/09/2024 01:00,0.1489273839979974,0.14932704044328174,0.14706420802442066,0.14932704044328174
07/09/2024 05:00,0.14932704044328174,0.15232539369987588,0.14932704044328174,0.15217656314425992
07/09/2024 09:00,0.15217656314425992,0.15565082356142065,0.1510646455795544,0.15565082356142065
07/09/2024 13:00,0.15565082356142065,0.15707522065969626,0.15393588286946167,0.15393588286946167
07/09/2024 17:00,0.15393588286946167,0.15393588286946167,0.15010006868010795,0.15110763426494117
07/09/2024 21:00,0.15110763426494117,0.15110763426494117,0.14752404627123658,0.15057836405864777
08/09/2024 01:00,0.15057836405864777,0.1544243587748066,0.15057836405864777,0.1544243587748066
08/09/2024 05:00,0.1544243587748066,0.1544243587748066,0.15202254878344665,0.15322965132938748
08/09/2024 09:00,0.15322965132938748,0.15492921243009614,0.15108650884069766,0.15108650884069766
08/09/2024 13:00,0.15108650884069766,0.15236292891302675,0.1463664604841396,0.14766293314791876
08/09/2024 17:00,0.14766293314791876,0.15308711641304787,0.14766293314791876,0.15185893120743338
08/09/2024 21:00,0.15185893120743338,0.16043422659666756,0.15185893120743338,0.15873335291202634
09/09/2024 01:00,0.15873335291202634,0.16070232838379325,0.1576717575822873,0.15789082233886334
09/09/2024 05:00,0.15789082233886334,0.16070056295496407,0.15508739947787115,0.16070056295496407
09/09/2024 09:00,0.16070056295496407,0.16293625109128945,0.1588487691368369,0.1600191293781158
09/09/2024 13:00,0.1600191293781158,0.17389260261007614,0.157568418665069,0.17389260261007614
09/09/2024 17:00,0.17389260261007614,0.1806695377545488,0.17373321302484535,0.17975579191001606
09/09/2024 21:00,0.17975579191001606,0.18715489939502464,0.174776084042672,0.1778431116318923
10/09/2024 01:00,0.1778431116318923,0.1785162206972968,0.17315488215232042,0.17380153384351155
10/09/2024 05:00,0.17380153384351155,0.1823801331782648,0.17380153384351155,0.17897828428012413
10/09/2024 09:00,0.17897828428012413,0.18199801599752366,0.1781047640718668,0.18049277621971616
10/09/2024 13:00,0.18049277621971616,0.18049277621971616,0.17345967240062027,0.17697958072891656
10/09/2024 17:00,0.17697958072891656,0.18953763041464902,0.17697958072891656,0.1854738040599317
10/09/2024 21:00,0.1854738040599317,0.1864854391590103,0.18302391134130291,0.18470489157397146
11/09/2024 01:00,0.18470489157397146,0.18575234723200626,0.17004255663550794,0.1708279154638025
11/09/2024 05:00,0.1708279154638025,0.17358627173173977,0.16825523451069785,0.17005338155199962
11/09/2024 09:00,0.17005338155199962,0.1749471879155757,0.17005338155199962,0.17375836789193974
11/09/2024 13:00,0.17375836789193974,0.17968319899498603,0.1624080716848928,0.17968319899498603
11/09/2024 17:00,0.17968319899498603,0.18616098579292167,0.17968319899498603,0.18130407502138282
11/09/2024 21:00,0.18130407502138282,0.18477062994494095,0.17884200540017908,0.18258184226856772
12/09/2024 01:00,0.18258184226856772,0.19150666521722345,0.18258184226856772,0.18949140227861286
12/09/2024 05:00,0.18949140227861286,0.19052651827189876,0.1854227448135568,0.18954699507918038
12/09/2024 09:00,0.18954699507918038,0.18954699507918038,0.18324532874770186,0.18324532874770186
12/09/2024 13:00,0.18324532874770186,0.1885353268617109,0.18080201811564636,0.18687309005626918
12/09/2024 17:00,0.18687309005626918,0.19149501832623553,0.18687309005626918,0.1889910141050933
12/09/2024 21:00,0.1889910141050933,0.1889910141050933,0.18457635751351417,0.1870379202573822
13/09/2024 01:00,0.1870379202573822,0.18829555564758427,0.1850243118967426,0.1850251940091293
13/09/2024 05:00,0.1850251940091293,0.1870990041237815,0.1838529394049315,0.18568796064981133
13/09/2024 09:00,0.18568796064981133,0.18995212420236585,0.18275784655014257,0.18390965982937257
13/09/2024 13:00,0.18390965982937257,0.20698634834524737,0.18323266283616774,0.2021351259827414
13/09/2024 17:00,0.2021351259827414,0.209148968056519,0.2021351259827414,0.209148968056519
13/09/2024 21:00,0.209148968056519,0.21681507544354175,0.2080594920603387,0.21557132059416553
14/09/2024 01:00,0.21557132059416553,0.21624876612226268,0.21306098997799114,0.21320200619058624
14/09/2024 05:00,0.21320200619058624,0.21320200619058624,0.20825579550557463,0.20908847401233066
14/09/2024 09:00,0.20908847401233066,0.2097821616921858,0.20546631834948773,0.20665293658242526
14/09/2024 13:00,0.20665293658242526,0.2083457356570758,0.20532390649898943,0.20704371597394255
14/09/2024 17:00,0.20704371597394255,0.20861129270857534,0.20408763230997368,0.2084861794469116
14/09/2024 21:00,0.2084861794469116,0.209665401067929,0.20811768867264374,0.20945238216694578
15/09/2024 01:00,0.20945238216694578,0.2116961960707368,0.20945238216694578,0.21012523308711978
15/09/2024 05:00,0.21012523308711978,0.21096057150383984,0.2089646856957289,0.20935396735772074
15/09/2024 09:00,0.20935396735772074,0.20935396735772074,0.2071989255099533,0.20800342482975265
15/09/2024 13:00,0.20800342482975265,0.2122443408901443,0.20738403830778016,0.20812294426632094
15/09/2024 17:00,0.20812294426632094,0.20832572528889048,0.20435945296979835,0.2050875989152164
15/09/2024 21:00,0.2050875989152164,0.2050875989152164,0.191007883535152,0.191007883535152
16/09/2024 01:00,0.191007883535152,0.19179585610569222,0.18662626239014377,0.1875461471348789
16/09/2024 05:00,0.1875461471348789,0.19576633823057968,0.1875461471348789,0.1943148592691893
16/09/2024 09:00,0.1943148592691893,0.19450566438370254,0.18954973534148084,0.1900757645480277
16/09/2024 13:00,0.1900757645480277,0.1900757645480277,0.17821088482007078,0.18024479194401694
16/09/2024 17:00,0.18024479194401694,0.183385049281869,0.17811081316585584,0.17941430992087007
16/09/2024 21:00,0.17941430992087007,0.18579506908236212,0.17841408136000353,0.1818866723388959
17/09/2024 01:00,0.1818866723388959,0.18464391447045286,0.17828506217486245,0.18464391447045286
17/09/2024 05:00,0.18464391447045286,0.18997720218862163,0.18464391447045286,0.18984590773614216
17/09/2024 09:00,0.18984590773614216,0.1965867020445128,0.18956068709091156,0.1965867020445128
17/09/2024 13:00,0.1965867020445128,0.2196425694652376,0.1924161317795903,0.21455300628479376
17/09/2024 17:00,0.21455300628479376,0.2164388001472836,0.20308814999917424,0.2050923737056464
17/09/2024 21:00,0.2050923737056464,0.20804561783420303,0.20301728149895337,0.2062938350080595
18/09/2024 01:00,0.2062938350080595,0.21162880851052784,0.20481800574719677,0.20774857978300962
18/09/2024 05:00,0.20774857978300962,0.20912487945536587,0.20556818063314677,0.20556818063314677
18/09/2024 09:00,0.20556818063314677,0.20556818063314677,0.198550866099291,0.2026006603772461
18/09/2024 13:00,0.2026006603772461,0.2035036527815,0.19568091709275454,0.20104538979076925
18/09/2024 17:00,0.20104538979076925,0.21374426101767105,0.19917278015931103,0.20563013167785382
18/09/2024 21:00,0.20563013167785382,0.23123199680781165,0.2053152372805337,0.23097084521859826
19/09/2024 01:00,0.23097084521859826,0.23097084521859826,0.22419576181758727,0.22624701186022636
19/09/2024 05:00,0.22624701186022636,0.22799561561505524,0.22388209456815228,0.22464570348852325
19/09/2024 09:00,0.22464570348852325,0.24033062615531245,0.22464570348852325,0.23422025151460935
19/09/2024 13:00,0.23422025151460935,0.2418109811359217,0.23252479685456132,0.2418109811359217
19/09/2024 17:00,0.2418109811359217,0.2455854251748473,0.23592807868868015,0.23592807868868015
19/09/2024 21:00,0.23592807868868015,0.23592807868868015,0.23043562971509024,0.23252891467234835
20/09/2024 01:00,0.23252891467234835,0.24978456789239767,0.23083519301884398,0.24978456789239767
20/09/2024 05:00,0.24978456789239767,0.24978456789239767,0.23951928699409675,0.24152231596133544
20/09/2024 09:00,0.24152231596133544,0.24655473746214707,0.24152231596133544,0.24274802122385675
20/09/2024 13:00,0.24274802122385675,0.24274802122385675,0.23404260148539147,0.23627292262468041
20/09/2024 17:00,0.23627292262468041,0.23701112294355028,0.22921233054436554,0.23588525840436148
20/09/2024 21:00,0.23588525840436148,0.24089709476461013,0.23588525840436148,0.23996481382130086
21/09/2024 01:00,0.23996481382130086,0.23996481382130086,0.23500391559796338,0.23500391559796338
21/09/2024 05:00,0.23500391559796338,0.23831198733749223,0.23492466380204793,0.23772443266568213
21/09/2024 09:00,0.23772443266568213,0.23867077985276372,0.23676663671635026,0.23857885971045284
21/09/2024 13:00,0.23857885971045284,0.24032267840140506,0.2384615845497867,0.23937910405944784
21/09/2024 17:00,0.23937910405944784,0.24229013494551022,0.23932606805743042,0.23932606805743042
21/09/2024 21:00,0.23932606805743042,0.24242871713452305,0.23796262960967696,0.2395198312188758
22/09/2024 01:00,0.2395198312188758,0.2403465168573618,0.2351717664080463,0.23927428045263888
22/09/2024 05:00,0.23927428045263888,0.23927428045263888,0.23499604045374503,0.23666250717814769
22/09/2024 09:00,0.23666250717814769,0.23666250717814769,0.23122169704838305,0.23434972696305423
22/09/2024 13:00,0.23434972696305423,0.23509779878268613,0.23101655694386466,0.23509779878268613
22/09/2024 17:00,0.23509779878268613,0.24134725031313514,0.23509779878268613,0.24040317045151724
22/09/2024 21:00,0.24040317045151724,0.2487311196993633,0.23158933650146776,0.24635433287637332
23/09/2024 01:00,0.24635433287637332,0.2591141951631958,0.24604036988799552,0.24985831603413103
23/09/2024 05:00,0.24985831603413103,0.24985831603413103,0.24306392718219486,0.24306392718219486
23/09/2024 09:00,0.24306392718219486,0.2458889943376785,0.24095931146684077,0.24095931146684077
23/09/2024 13:00,0.24095931146684077,0.24730812041105701,0.2386442410029609,0.24005905954086407
23/09/2024 17:00,0.24005905954086407,0.24358164908175745,0.2384355043532055,0.2419000339938835
23/09/2024 21:00,0.2419000339938835,0.2419000339938835,0.23665249690622284,0.23702966731631686
24/09/2024 01:00,0.23702966731631686,0.23844777051062038,0.2347665884848871,0.2365069854904764
24/09/2024 05:00,0.2365069854904764,0.24841368193475244,0.2365069854904764,0.24841368193475244
24/09/2024 09:00,0.24841368193475244,0.24841368193475244,0.24167196105959535,0.24167196105959535
24/09/2024 13:00,0.24167196105959535,0.24430845819209634,0.23569585759784858,0.23987561869622345
24/09/2024 17:00,0.23987561869622345,0.2539487177328522,0.23987561869622345,0.2516848844149145
24/09/2024 21:00,0.2516848844149145,0.257623271634611,0.2483890604460808,0.24891358670605274
25/09/2024 01:00,0.24891358670605274,0.2563699641033094,0.24891358670605274,0.2511634171254935
25/09/2024 05:00,0.2511634171254935,0.2511634171254935,0.24474806385231793,0.24576216355573005
25/09/2024 09:00,0.24576216355573005,0.24576216355573005,0.241674015567007,0.24291097066567577
25/09/2024 13:00,0.24291097066567577,0.24642164798758795,0.23993082100920804,0.24013782231632233
25/09/2024 17:00,0.24013782231632233,0.24026635520514203,0.23525234662841985,0.24026635520514203
25/09/2024 21:00,0.24026635520514203,0.24038064743353552,0.23280047809959586,0.23280047809959586
26/09/2024 01:00,0.23280047809959586,0.2399388576427697,0.2312175221493109,0.2377400500067093
26/09/2024 05:00,0.2377400500067093,0.24423814261872362,0.2377400500067093,0.24321089116514488
26/09/2024 09:00,0.24321089116514488,0.2534135914573116,0.24106709568295726,0.25339349673415473
26/09/2024 13:00,0.25339349673415473,0.2659866560681471,0.2500458735776246,0.2659866560681471
26/09/2024 17:00,0.2659866560681471,0.2674593771748772,0.2552011472799862,0.2552011472799862
26/09/2024 21:00,0.2552011472799862,0.2630310845704058,0.2552011472799862,0.2630310845704058
27/09/2024 01:00,0.2630310845704058,0.26434100128822224,0.2575304548847991,0.26363263525754566
27/09/2024 05:00,0.26363263525754566,0.26854866036305086,0.26163110153208363,0.26848030150987934
27/09/2024 09:00,0.26848030150987934,0.2708333401807718,0.26404367789751904,0.269011328672546
27/09/2024 13:00,0.269011328672546,0.2776986539581132,0.2645990744724135,0.2773267835505844
27/09/2024 17:00,0.2773267835505844,0.2773267835505844,0.2664487569438797,0.27040960847968815
27/09/2024 21:00,0.27040960847968815,0.27148181945207756,0.2687580952220365,0.2708386798753087
28/09/2024 01:00,0.2708386798753087,0.2751800049064486,0.26988661700869265,0.2729501571558647
28/09/2024 05:00,0.2729501571558647,0.2729501571558647,0.2670851620919448,0.2670851620919448
28/09/2024 09:00,0.2670851620919448,0.26868605304604937,0.26442570384965747,0.26541199577363905
28/09/2024 13:00,0.26541199577363905,0.2691920740040155,0.2649071122404697,0.26570972977178065
28/09/2024 17:00,0.26570972977178065,0.269063359374067,0.2652684859335608,0.2669547036671359
28/09/2024 21:00,0.2669547036671359,0.2708926787535812,0.2658498699198602,0.26737497226384765
29/09/2024 01:00,0.26737497226384765,0.270172176340601,0.26725441998718075,0.26725441998718075
29/09/2024 05:00,0.26725441998718075,0.2677998225598433,0.2639250774325944,0.2653102334897888
29/09/2024 09:00,0.2653102334897888,0.2675722697866652,0.2644433361656636,0.26707234015912446
29/09/2024 13:00,0.26707234015912446,0.26853547949919104,0.265904908736014,0.26802371041643874
29/09/2024 17:00,0.26802371041643874,0.27073679593967054,0.26802371041643874,0.26864918696395484
29/09/2024 21:00,0.26864918696395484,0.26965004099079243,0.26042253846225044,0.2627169743232418
30/09/2024 01:00,0.2627169743232418,0.2627169743232418,0.24748835280127757,0.2488412416009489
30/09/2024 05:00,0.2488412416009489,0.2518493032398545,0.244812501344523,0.246435392812683
30/09/2024 09:00,0.246435392812683,0.246435392812683,0.2344914189832219,0.24323656239184724
30/09/2024 13:00,0.24323656239184724,0.24323656239184724,0.23419360101013284,0.23419360101013284
30/09/2024 17:00,0.23419360101013284,0.2384101127497732,0.2286440999403901,0.2384101127497732
30/09/2024 21:00,0.2384101127497732,0.2384101127497732,0.2274959138724394,0.2339246180787179
01/10/2024 01:00,0.2339246180787179,0.23817868749085985,0.2309308024129614,0.2381760515126951
01/10/2024 05:00,0.2381760515126951,0.2422842317136542,0.23688912256190034,0.23999643530912368
01/10/2024 09:00,0.23999643530912368,0.24260905270168964,0.23738162681388486,0.23738162681388486
01/10/2024 13:00,0.23738162681388486,0.23738162681388486,0.21423987119622112,0.219317681420512
01/10/2024 17:00,0.219317681420512,0.219317681420512,0.19443563635404554,0.19964111497365036
01/10/2024 21:00,0.19964111497365036,0.20321068562837152,0.19904090624647958,0.20243237399268868
02/10/2024 01:00,0.20243237399268868,0.21183873205079476,0.20243237399268868,0.20863683019026982
02/10/2024 05:00,0.20863683019026982,0.21317472834032689,0.20668495170892903,0.21180254442336724
02/10/2024 09:00,0.21180254442336724,0.21180254442336724,0.20073788644552007,0.20073788644552007
02/10/2024 13:00,0.20073788644552007,0.2167766225497011,0.19738095663793456,0.21318072216728956
02/10/2024 17:00,0.21318072216728956,0.21318072216728956,0.19157138279843824,0.20077320066837437
02/10/2024 21:00,0.20077320066837437,0.20132740691900788,0.19479009056788205,0.20049158405243928
03/10/2024 01:00,0.20049158405243928,0.20552810695516915,0.20049158405243928,0.20499242170976448
03/10/2024 05:00,0.20499242170976448,0.20557034112346534,0.1908952340195646,0.1911468737591019
03/10/2024 09:00,0.1911468737591019,0.20059364763913778,0.1911468737591019,0.19375324458158152
03/10/2024 13:00,0.19375324458158152,0.1967692157124209,0.18992522369600617,0.19078403052199386
03/10/2024 17:00,0.19078403052199386,0.2005958260349008,0.19078403052199386,0.19728629639809453
03/10/2024 21:00,0.19728629639809453,0.19950363356299208,0.1942700320564202,0.1942700320564202
04/10/2024 01:00,0.1942700320564202,0.20209765009856254,0.1942700320564202,0.1996416751517187
04/10/2024 05:00,0.1996416751517187,0.206569776611639,0.1996416751517187,0.20609180866337012
04/10/2024 09:00,0.20609180866337012,0.207696397702096,0.20294830426197127,0.207696397702096
04/10/2024 13:00,0.207696397702096,0.21382292334047187,0.20029231015803062,0.21382292334047187
04/10/2024 17:00,0.21382292334047187,0.21653357893646613,0.21025314792181654,0.21614481154940637
04/10/2024 21:00,0.21614481154940637,0.21614481154940637,0.21062402577894812,0.212186403106987
05/10/2024 01:00,0.212186403106987,0.21236714678455354,0.2088018965571591,0.2103784266658456
05/10/2024 05:00,0.2103784266658456,0.21356706142579596,0.2103784266658456,0.21174912608706342
05/10/2024 09:00,0.21174912608706342,0.21383221586266996,0.21174912608706342,0.21349573076945358
05/10/2024 13:00,0.21349573076945358,0.2144180148948866,0.21167514380743094,0.21167514380743094
05/10/2024 17:00,0.21167514380743094,0.21167514380743094,0.20765345662957507,0.20765345662957507
05/10/2024 21:00,0.20765345662957507,0.21125897749663144,0.207232350788916,0.20982282225871526
06/10/2024 01:00,0.20982282225871526,0.21183799893353503,0.2082672474926126,0.2082672474926126
06/10/2024 05:00,0.2082672474926126,0.21024262229456717,0.2082672474926126,0.2095403043225676
06/10/2024 09:00,0.2095403043225676,0.21147167233824768,0.209222749783494,0.21147167233824768
06/10/2024 13:00,0.21147167233824768,0.22046823120297943,0.21147167233824768,0.21810433850747807
06/10/2024 17:00,0.21810433850747807,0.22057389053208676,0.21732084750091807,0.2176680799963492
06/10/2024 21:00,0.2176680799963492,0.22929377586358396,0.21471354215555008,0.22929377586358396
07/10/2024 01:00,0.22929377586358396,0.23320659953314482,0.22706908886665678,0.2287494602018434
07/10/2024 05:00,0.2287494602018434,0.2320021002603924,0.2279292054727758,0.23100460475398127
07/10/2024 09:00,0.23100460475398127,0.23100460475398127,0.21933867057686005,0.22145498021293716
07/10/2024 13:00,0.22145498021293716,0.2378900322395748,0.22145498021293716,0.2328502613455076
07/10/2024 17:00,0.2328502613455076,0.2328502613455076,0.2205140400038745,0.22308218709976071
07/10/2024 21:00,0.22308218709976071,0.22617804175602624,0.21201920596557602,0.2153322057630828
08/10/2024 01:00,0.2153322057630828,0.21878289792331643,0.21410306284729091,0.216907598473497
08/10/2024 05:00,0.216907598473497,0.216907598473497,0.21012634508627026,0.21348719702047675
08/10/2024 09:00,0.21348719702047675,0.21690502818321972,0.21348719702047675,0.21522603056139744
08/10/2024 13:00,0.21522603056139744,0.21921519019730362,0.21039993217914352,0.2149582220338761
08/10/2024 17:00,0.2149582220338761,0.2149582220338761,0.20841626372956726,0.21304538808356296
08/10/2024 21:00,0.21304538808356296,0.214055346563609,0.20919842679252082,0.20994459229144263
09/10/2024 01:00,0.20994459229144263,0.2136498523827162,0.20994459229144263,0.2123112190932147
09/10/2024 05:00,0.2123112190932147,0.21470127769076444,0.2100287230212728,0.2100287230212728
09/10/2024 09:00,0.2100287230212728,0.21096454247373073,0.20586138065651075,0.20586138065651075
09/10/2024 13:00,0.20586138065651075,0.21172340293333494,0.20462986422305382,0.20462986422305382
09/10/2024 17:00,0.20462986422305382,0.2062137458959039,0.18899838827501933,0.18899838827501933
09/10/2024 21:00,0.18899838827501933,0.1938686348339123,0.18852909754062047,0.18926843180385458
10/10/2024 01:00,0.18926843180385458,0.1933245481142107,0.18926843180385458,0.19283849325397207
10/10/2024 05:00,0.19283849325397207,0.19470189394963533,0.19204854011218428,0.19226799222517946
10/10/2024 09:00,0.19226799222517946,0.19701214565490857,0.19113945219113881,0.1936292291295946
10/10/2024 13:00,0.1936292291295946,0.1966362346209388,0.18753645974422145,0.18753645974422145
10/10/2024 17:00,0.18753645974422145,0.18753645974422145,0.17211415852327194,0.18009987394887658
10/10/2024 21:00,0.18009987394887658,0.1859507560547688,0.17943328444602388,0.18525377619797534
11/10/2024 01:00,0.18525377619797534,0.18994395369240494,0.18406566849510478,0.1894297747951477
11/10/2024 05:00,0.1894297747951477,0.19152233791725265,0.1889903699625826,0.18952117321644044
11/10/2024 09:00,0.18952117321644044,0.19685230445155558,0.18952117321644044,0.196239740372303
11/10/2024 13:00,0.196239740372303,0.20838940991855248,0.196239740372303,0.20668419234117014
11/10/2024 17:00,0.20668419234117014,0.22038146458863792,0.20668419234117014,0.21655747489658844
11/10/2024 21:00,0.21655747489658844,0.21817447067059334,0.2094591300325385,0.21318303411838
12/10/2024 01:00,0.21318303411838,0.2156520165188865,0.21088580125314374,0.21169920724243554
12/10/2024 05:00,0.21169920724243554,0.21355602933251897,0.21169920724243554,0.213396905900061
12/10/2024 09:00,0.213396905900061,0.21877299108682882,0.21304760821221772,0.21568512409364599
12/10/2024 13:00,0.21568512409364599,0.22099190036885846,0.21568512409364599,0.21822532081603416
12/10/2024 17:00,0.21822532081603416,0.21898162041589567,0.2159406136471096,0.2166344761478468
12/10/2024 21:00,0.2166344761478468,0.21961024196031947,0.2166344761478468,0.21911067484101943
13/10/2024 01:00,0.21911067484101943,0.21911067484101943,0.21277253910824825,0.21371355482863783
13/10/2024 05:00,0.21371355482863783,0.2152892306471723,0.2128463147317172,0.21442773114243152
13/10/2024 09:00,0.21442773114243152,0.21442773114243152,0.2106628366035053,0.21169551613002294
13/10/2024 13:00,0.21169551613002294,0.21350590052155308,0.20558543324739723,0.211573815027297
13/10/2024 17:00,0.211573815027297,0.21244322884323286,0.2090930047058711,0.21157682888999302
13/10/2024 21:00,0.21157682888999302,0.2158654132541853,0.20952554905418982,0.20952554905418982
14/10/2024 01:00,0.20952554905418982,0.2303721954682051,0.20952554905418982,0.23036557603182287
14/10/2024 05:00,0.23036557603182287,0.2356334556046346,0.22521822073901596,0.23256831691041133
14/10/2024 09:00,0.23256831691041133,0.23940038339820624,0.23256831691041133,0.23895339855909217
14/10/2024 13:00,0.23895339855909217,0.25367032852677274,0.23636213032937944,0.2491993676251305
14/10/2024 17:00,0.2491993676251305,0.25314379503259143,0.2473010363166851,0.2527728093834836
14/10/2024 21:00,0.2527728093834836,0.25606287113980264,0.2502625779634433,0.252032994609203
15/10/2024 01:00,0.252032994609203,0.252032994609203,0.24404364119811103,0.24774665456859177
15/10/2024 05:00,0.24774665456859177,0.24927137717362863,0.24286463536519118,0.24852464864912846
15/10/2024 09:00,0.24852464864912846,0.24938212733043977,0.2444579813924676,0.24938212733043977
15/10/2024 13:00,0.24938212733043977,0.27182187236104705,0.2369170870349814,0.2616686722237929
15/10/2024 17:00,0.2616686722237929,0.26852956079032875,0.2592770287695691,0.2602846120599823
15/10/2024 21:00,0.2602846120599823,0.264935313295689,0.2546065130083392,0.2638234391779574
16/10/2024 01:00,0.2638234391779574,0.27161231926813173,0.2627542056569905,0.2642959102040968
16/10/2024 05:00,0.2642959102040968,0.2683995951747771,0.26268656272388274,0.26737106257540216
16/10/2024 09:00,0.26737106257540216,0.2807274349951612,0.2658695005263002,0.27636173494568333
16/10/2024 13:00,0.27636173494568333,0.2787292443411679,0.26831623948457006,0.2741548539958587
16/10/2024 17:00,0.2741548539958587,0.2781338091007456,0.2741193018506691,0.275811665593378
16/10/2024 21:00,0.275811665593378,0.275811665593378,0.2717110140836908,0.273763731510685
17/10/2024 01:00,0.273763731510685,0.27501229229867014,0.2675555511069587,0.2675555511069587
17/10/2024 05:00,0.2675555511069587,0.2695399388824363,0.26466825779362607,0.2689743520062844
17/10/2024 09:00,0.2689743520062844,0.2689743520062844,0.2601992319088654,0.26312690836244496
17/10/2024 13:00,0.26312690836244496,0.27016219611803827,0.25932705479406354,0.26808790760030726
17/10/2024 17:00,0.26808790760030726,0.26814719973536233,0.26001529662880674,0.2627392523987541
17/10/2024 21:00,0.2627392523987541,0.2681981765992101,0.26179394890391633,0.26498087249994734
18/10/2024 01:00,0.26498087249994734,0.27624802767416273,0.26498087249994734,0.2722463529957806
18/10/2024 05:00,0.2722463529957806,0.27828760583857404,0.27125713204245216,0.2746266794434578
18/10/2024 09:00,0.2746266794434578,0.27567337001570985,0.2712588158983683,0.2712588158983683
18/10/2024 13:00,0.2712588158983683,0.28801913355796366,0.2712588158983683,0.28801913355796366
18/10/2024 17:00,0.28801913355796366,0.2890144591348014,0.28196361702127615,0.28204136260836354
18/10/2024 21:00,0.28204136260836354,0.2822623419474889,0.27916848090182056,0.28051988223397617
19/10/2024 01:00,0.28051988223397617,0.28387211031537607,0.2801523781383279,0.2804337673332333
19/10/2024 05:00,0.2804337673332333,0.28146464069267124,0.2799356685985614,0.28096142187071227
19/10/2024 09:00,0.28096142187071227,0.28096142187071227,0.27639640999974263,0.27807536165075525
19/10/2024 13:00,0.27807536165075525,0.2796460548367082,0.27703275649109826,0.2781636009119594
19/10/2024 17:00,0.2781636009119594,0.2781636009119594,0.2781636009119594,0.2781636009119594
19/10/2024 21:00,0.2781636009119594,0.2781636009119594,0.2781636009119594,0.2781636009119594
20/10/2024 01:00,0.2781636009119594,0.2781636009119594,0.2781636009119594,0.2781636009119594
20/10/2024 05:00,0.2781636009119594,0.2781636009119594,0.2781636009119594,0.2781636009119594
20/10/2024 09:00,0.2781636009119594,0.2806578733968748,0.2781636009119594,0.280057175964294
20/10/2024 13:00,0.280057175964294,0.2850074727108274,0.277492140465331,0.28205545870309806
20/10/2024 17:00,0.28205545870309806,0.2859356002895249,0.28062293270384914,0.2859356002895249
20/10/2024 21:00,0.2859356002895249,0.29374327802402944,0.2832588420856351,0.28938039503347424
21/10/2024 01:00,0.28938039503347424,0.2942234817975101,0.28446904967139897,0.28752012115822817
21/10/2024 05:00,0.28752012115822817,0.29007504255897426,0.2800814260909162,0.2800814260909162
21/10/2024 09:00,0.2800814260909162,0.2800814260909162,0.27497076065890036,0.27497076065890036
21/10/2024 13:00,0.27497076065890036,0.27497076065890036,0.2576367624502956,0.2605025607429739
21/10/2024 17:00,0.2605025607429739,0.26954665281211804,0.2605025607429739,0.26884117339427377
21/10/2024 21:00,0.26884117339427377,0.2706451545521805,0.25460351845960516,0.26130833241958323
22/10/2024 01:00,0.26130833241958323,0.2669111366861714,0.26130833241958323,0.2642341864255648
22/10/2024 05:00,0.2642341864255648,0.26901537274597204,0.2588854975453856,0.25915651124485306
22/10/2024 09:00,0.25915651124485306,0.26417382938623374,0.2556698308385397,0.2587348149762536
22/10/2024 13:00,0.2587348149762536,0.2660394121262928,0.25418320844046677,0.25750152926741865
22/10/2024 17:00,0.25750152926741865,0.2662895715319975,0.25750152926741865,0.26476005402219
22/10/2024 21:00,0.26476005402219,0.2684853233757941,0.2603844362562367,0.2603844362562367
23/10/2024 01:00,0.2603844362562367,0.26243411544425094,0.2575313117701463,0.26093177189295264
23/10/2024 05:00,0.26093177189295264,0.2611943765450563,0.25337311530564083,0.25337311530564083
23/10/2024 09:00,0.25337311530564083,0.25337311530564083,0.24928891447729654,0.250238886257152
23/10/2024 13:00,0.250238886257152,0.25439656508898384,0.24278773505344323,0.2434885270202759
23/10/2024 17:00,0.2434885270202759,0.25102693497056655,0.23693148361039437,0.25102693497056655
23/10/2024 21:00,0.25102693497056655,0.2590810075299417,0.248871692352021,0.2590810075299417
24/10/2024 01:00,0.2590810075299417,0.26296338142223025,0.2586960997090193,0.26195872904050765
24/10/2024 05:00,0.26195872904050765,0.26253591620002725,0.2564406496234657,0.2564406496234657
24/10/2024 09:00,0.2564406496234657,0.2628564950588953,0.25448531889662024,0.2628564950588953
24/10/2024 13:00,0.2628564950588953,0.2682232123224938,0.2628564950588953,0.2659085797314984
24/10/2024 17:00,0.2659085797314984,0.2740741938707962,0.26357182905158366,0.273159452839341
24/10/2024 21:00,0.273159452839341,0.2796095579272185,0.26920598495345033,0.26920598495345033
25/10/2024 01:00,0.26920598495345033,0.27215535077438985,0.2666409748580797,0.2666409748580797
25/10/2024 05:00,0.2666409748580797,0.2670894016011298,0.26141654632242983,0.2656265472502987
25/10/2024 09:00,0.2656265472502987,0.2735048214364665,0.26347937405843047,0.27155976087737393
25/10/2024 13:00,0.27155976087737393,0.27820308189908577,0.2623612175122785,0.26694154872188075
25/10/2024 17:00,0.26694154872188075,0.26694154872188075,0.24291224155755187,0.2514152942593808
25/10/2024 21:00,0.2514152942593808,0.257542281931788,0.2371621983129803,0.24972856463777351
26/10/2024 01:00,0.24972856463777351,0.2530010291036448,0.24741393285448243,0.2518936283734703
26/10/2024 05:00,0.2518936283734703,0.255610043051094,0.2518936283734703,0.25478183963940604
26/10/2024 09:00,0.25478183963940604,0.25520737766610063,0.25310210953158424,0.25340962360788044
26/10/2024 13:00,0.25340962360788044,0.25340962360788044,0.249834275336644,0.25228099661455816
26/10/2024 17:00,0.25228099661455816,0.2571136988246295,0.25228099661455816,0.2555947580798695
26/10/2024 21:00,0.2555947580798695,0.2555947580798695,0.25283563782092194,0.25295047266275
27/10/2024 01:00,0.25295047266275,0.256159061552764,0.2523385497189183,0.25435294854613794
27/10/2024 05:00,0.25435294854613794,0.25580814362497395,0.2541988993842484,0.2549475269383921
27/10/2024 09:00,0.2549475269383921,0.2592324338120547,0.2532369979043674,0.2592324338120547
27/10/2024 13:00,0.2592324338120547,0.2633582647176981,0.2573940301963046,0.26301461212920957
27/10/2024 17:00,0.26301461212920957,0.26449254250149246,0.2599320288100733,0.2621921955636722
27/10/2024 21:00,0.2621921955636722,0.26903091449975697,0.2621921955636722,0.26453381485509164
28/10/2024 01:00,0.26453381485509164,0.26453381485509164,0.2613607969033176,0.2620466415611593
28/10/2024 05:00,0.2620466415611593,0.27367289933548206,0.261601692004284,0.27023557676453797
28/10/2024 09:00,0.27023557676453797,0.27776649764333394,0.2688218250349658,0.27776649764333394
28/10/2024 13:00,0.27776649764333394,0.27937915260252877,0.27253051915832494,0.27666826519418647
28/10/2024 17:00,0.27666826519418647,0.2909859685029058,0.27550789842930246,0.28635361431870876
28/10/2024 21:00,0.28635361431870876,0.29601348559667673,0.28635361431870876,0.2924558569204423
29/10/2024 01:00,0.2924558569204423,0.3132835344870902,0.29228550567621503,0.30877964591426094
29/10/2024 05:00,0.30877964591426094,0.3137455935837647,0.3077803818081326,0.3137455935837647
29/10/2024 09:00,0.3137455935837647,0.3186525315473514,0.3130472827945177,0.3130529089229859
29/10/2024 13:00,0.3130529089229859,0.3376239340282489,0.3130529089229859,0.3360810867636135
29/10/2024 17:00,0.3360810867636135,0.3461318357401832,0.32451028014840205,0.328050154267063
29/10/2024 21:00,0.328050154267063,0.33652293941097194,0.32586184647544353,0.32586184647544353
30/10/2024 01:00,0.32586184647544353,0.3302500497253516,0.3240195593278417,0.3264226109606938
30/10/2024 05:00,0.3264226109606938,0.330014945007969,0.3231082314814268,0.3268142558781268
30/10/2024 09:00,0.3268142558781268,0.3290445956529795,0.3172118115703215,0.3172118115703215
30/10/2024 13:00,0.3172118115703215,0.32618922336741524,0.31461788326119516,0.3235897853360733
30/10/2024 17:00,0.3235897853360733,0.3330230250881442,0.3163421096555151,0.3330230250881442
30/10/2024 21:00,0.3330230250881442,0.3330230250881442,0.32183358350801644,0.32183358350801644
31/10/2024 01:00,0.32183358350801644,0.32909248237394106,0.32183358350801644,0.3240686255906143
31/10/2024 05:00,0.3240686255906143,0.32730794542827324,0.32289897954248614,0.32303748238042024
31/10/2024 09:00,0.32303748238042024,0.33055826487088097,0.3215073600016906,0.3215073600016906
31/10/2024 13:00,0.3215073600016906,0.3215073600016906,0.2936007556185838,0.2936007556185838
31/10/2024 17:00,0.2936007556185838,0.2989547777252594,0.2844152377684506,0.2844152377684506
31/10/2024 21:00,0.2844152377684506,0.29573435822241784,0.2844152377684506,0.2915196310768066
01/11/2024 01:00,0.2915196310768066,0.2915196310768066,0.2725259252876425,0.28004260722604396
01/11/2024 05:00,0.28004260722604396,0.2808575936714016,0.27398299409215016,0.2778791917329007
01/11/2024 09:00,0.2778791917329007,0.29227418626237234,0.2778247344064892,0.2910275346767483
01/11/2024 13:00,0.2910275346767483,0.3082759672039503,0.27923221655009495,0.2877001077070353
01/11/2024 17:00,0.2877001077070353,0.2877001077070353,0.27193558052859235,0.27363426803823165
01/11/2024 21:00,0.27363426803823165,0.2797968889358933,0.2703806471896734,0.2794470753222497
02/11/2024 01:00,0.2794470753222497,0.2824595898191794,0.2781153772412669,0.2785457510684303
02/11/2024 05:00,0.2785457510684303,0.28194189350860066,0.2785457510684303,0.27911254272781544
02/11/2024 09:00,0.27911254272781544,0.28004499761115653,0.27777610830053556,0.277935941650401
02/11/2024 13:00,0.277935941650401,0.27899123706134477,0.2721997738750543,0.27874351503510275
02/11/2024 17:00,0.27874351503510275,0.27874351503510275,0.2743158245018637,0.27865667057191373
02/11/2024 21:00,0.27865667057191373,0.27865667057191373,0.27343237058968994,0.2744641079612042
03/11/2024 01:00,0.2744641079612042,0.2744641079612042,0.2582128004459495,0.26439439329610726
03/11/2024 05:00,0.26439439329610726,0.26568660691442386,0.26097416142329666,0.263926483901769
03/11/2024 09:00,0.263926483901769,0.263926483901769,0.2597471508212347,0.2635481521763359
03/11/2024 13:00,0.2635481521763359,0.2635481521763359,0.25142841602253707,0.2580227511714243
03/11/2024 17:00,0.2580227511714243,0.26836720544921916,0.2551958246343239,0.26836720544921916
03/11/2024 21:00,0.26836720544921916,0.27246418525081534,0.25975482780634684,0.2627581740582418
04/11/2024 01:00,0.2627581740582418,0.2724831851201207,0.2627581740582418,0.27132392649551257
04/11/2024 05:00,0.27132392649551257,0.27132392649551257,0.262437896063843,0.262437896063843
04/11/2024 09:00,0.262437896063843,0.2683314847657825,0.262437896063843,0.2681794911085598
04/11/2024 13:00,0.2681794911085598,0.2714602369976848,0.2519031217564708,0.2519031217564708
04/11/2024 17:00,0.2519031217564708,0.25427016469065145,0.2476721672872515,0.2476721672872515
04/11/2024 21:00,0.2476721672872515,0.25611625012406036,0.24294920461767205,0.25611625012406036
05/11/2024 01:00,0.25611625012406036,0.2598863967612792,0.2486824009016762,0.25965918030980184
05/11/2024 05:00,0.25965918030980184,0.26656946840762163,0.25868373056078664,0.2660698997431513
05/11/2024 09:00,0.2660698997431513,0.2669537650974396,0.2629157781083594,0.26506973463656036
05/11/2024 13:00,0.26506973463656036,0.2840285013432872,0.26309374329918606,0.28378245891824977
05/11/2024 17:00,0.28378245891824977,0.28591930233359897,0.27050247834076385,0.27358753870576685
05/11/2024 21:00,0.27358753870576685,0.2997093569100064,0.26622339851870863,0.2997093569100064
06/11/2024 01:00,0.2997093569100064,0.3511647131036876,0.29164621376177213,0.3460537164243183
06/11/2024 05:00,0.3460537164243183,0.3586319066615877,0.3198615676915566,0.3265281558945991
06/11/2024 09:00,0.3265281558945991,0.3478538047484848,0.3265281558945991,0.3409768856893435
06/11/2024 13:00,0.3409768856893435,0.3462321377049716,0.33039672098574085,0.33883889859519334
06/11/2024 17:00,0.33883889859519334,0.3701021649579609,0.33883889859519334,0.3701021649579609
06/11/2024 21:00,0.3701021649579609,0.3701021649579609,0.3526331487109421,0.3540786017963241
07/11/2024 01:00,0.3540786017963241,0.36410252268663296,0.34569616362680716,0.34569616362680716
07/11/2024 05:00,0.34569616362680716,0.35056238153778857,0.34188955081811206,0.3491478470474355
07/11/2024 09:00,0.3491478470474355,0.35062035206406483,0.3440912200759947,0.3476015671639485
07/11/2024 13:00,0.3476015671639485,0.3639001879670265,0.34370028682789355,0.3639001879670265
07/11/2024 17:00,0.3639001879670265,0.37609716014982697,0.3636868743665274,0.3735866513200232
07/11/2024 21:00,0.3735866513200232,0.3750974004805667,0.3577703535831647,0.3644087029266486
08/11/2024 01:00,0.3644087029266486,0.3680835243903817,0.3595297662410964,0.36134446455676195
08/11/2024 05:00,0.36134446455676195,0.36680308850092663,0.3594901592735177,0.36105371458711616
08/11/2024 09:00,0.36105371458711616,0.36682185587504573,0.36105371458711616,0.3645940097910254
08/11/2024 13:00,0.3645940097910254,0.3712943612366817,0.3597151704237925,0.3636595504048852
08/11/2024 17:00,0.3636595504048852,0.3811189809336061,0.36098780185139945,0.3726887539873703
08/11/2024 21:00,0.3726887539873703,0.37327506149654816,0.36848425207892943,0.3703144829373119
09/11/2024 01:00,0.3703144829373119,0.37032694906777686,0.3661758018324437,0.36895947775667687
09/11/2024 05:00,0.36895947775667687,0.3727968960726601,0.36849578493551083,0.3713504669029023
09/11/2024 09:00,0.3713504669029023,0.3713504669029023,0.3668265333065599,0.3668265333065599
09/11/2024 13:00,0.3668265333065599,0.3680204512590308,0.3628894486738027,0.3632030450259509
09/11/2024 17:00,0.3632030450259509,0.37047311780637704,0.36048920690296254,0.3649278030076933
09/11/2024 21:00,0.3649278030076933,0.3764041981701021,0.3649233139865678,0.3764041981701021
10/11/2024 01:00,0.3764041981701021,0.41236996045909785,0.37223029886985937,0.41236996045909785
10/11/2024 05:00,0.41236996045909785,0.4227652476020358,0.4088538958722435,0.41269411173197834
10/11/2024 09:00,0.41269411173197834,0.4273436336411907,0.41269411173197834,0.4220846303368025
10/11/2024 13:00,0.4220846303368025,0.4266453901655272,0.4168094009130347,0.4243987061975343
10/11/2024 17:00,0.4243987061975343,0.4457998321557737,0.411244915698539,0.411244915698539
10/11/2024 21:00,0.411244915698539,0.4514568467050344,0.40633215174500414,0.43850998286894066
11/11/2024 01:00,0.43850998286894066,0.46043321031979817,0.43480091314307934,0.4519441039367751
11/11/2024 05:00,0.4519441039367751,0.4554646535005889,0.4360529136860607,0.4496963228183613
11/11/2024 09:00,0.4496963228183613,0.4694095077499112,0.4496963228183613,0.4694095077499112
11/11/2024 13:00,0.4694095077499112,0.5179099213695784,0.45531680232564775,0.5031202949755806
11/11/2024 17:00,0.5031202949755806,0.5679000820576187,0.5031202949755806,0.5679000820576187
11/11/2024 21:00,0.5679000820576187,0.6125817590293633,0.5563487308379054,0.5899953688369876
12/11/2024 01:00,0.5899953688369876,0.61014923425572,0.5609920563194359,0.5940193493561939
12/11/2024 05:00,0.5940193493561939,0.6197309098288651,0.588931723006992,0.6036853091019437
12/11/2024 09:00,0.6036853091019437,0.6036853091019437,0.5439754190757577,0.5688923238244622
12/11/2024 13:00,0.5688923238244622,0.5688923238244622,0.5301465268620243,0.5470433068377786
12/11/2024 17:00,0.5470433068377786,0.6102512258054988,0.5470433068377786,0.6102512258054988
12/11/2024 21:00,0.6102512258054988,0.6102512258054988,0.562918803655645,0.5753199895682086
13/11/2024 01:00,0.5753199895682086,0.5778958295863375,0.5311045215775355,0.5311045215775355
13/11/2024 05:00,0.5311045215775355,0.5574694594980444,0.5286868404217531,0.5492364934161731
13/11/2024 09:00,0.5492364934161731,0.5625394362323348,0.5470400320114428,0.5625394362323348
13/11/2024 13:00,0.5625394362323348,0.672323002371643,0.5606772862273955,0.6597389483722221
13/11/2024 17:00,0.6597389483722221,0.6731196080293887,0.6030751117859656,0.6134764742804508
13/11/2024 21:00,0.6134764742804508,0.613683922323576,0.5788903946804997,0.6025877874317149
14/11/2024 01:00,0.6025877874317149,0.6136772770119066,0.5954148434354122,0.601691231801175
14/11/2024 05:00,0.601691231801175,0.6291364018040351,0.5902370764695587,0.6169440930009903
14/11/2024 09:00,0.6169440930009903,0.6394271314733242,0.6143340466781698,0.6268166661767547
14/11/2024 13:00,0.6268166661767547,0.6353289358565362,0.5462308558257523,0.5640529652201678
14/11/2024 17:00,0.5640529652201678,0.5825111759385411,0.5411257508127088,0.5411257508127088
14/11/2024 21:00,0.5411257508127088,0.5486911462410023,0.5185101314940029,0.5428793973553534
15/11/2024 01:00,0.5428793973553534,0.5494957742755837,0.5213858763706634,0.5213858763706634
15/11/2024 05:00,0.5213858763706634,0.5482399307912542,0.5213858763706634,0.542072878138451
15/11/2024 09:00,0.542072878138451,0.5953560370728028,0.542072878138451,0.5836835353302668
15/11/2024 13:00,0.5836835353302668,0.5932443657661064,0.5312581286943799,0.5667676830664637
15/11/2024 17:00,0.5667676830664637,0.6091544296022794,0.5658862636512875,0.6086976630742247
15/11/2024 21:00,0.6086976630742247,0.6219627224935708,0.6023142507615161,0.6069916326320053
16/11/2024 01:00,0.6069916326320053,0.6209398467973383,0.6057872098803674,0.6084545558977507
16/11/2024 05:00,0.6084545558977507,0.6165707809778967,0.606101011633094,0.6101393435486111
16/11/2024 09:00,0.6101393435486111,0.6142447174453114,0.5971842281362351,0.5998956089191391
16/11/2024 13:00,0.5998956089191391,0.6060834234984104,0.5801007059650283,0.5899856242126182
16/11/2024 17:00,0.5899856242126182,0.6085878180508417,0.5899856242126182,0.5984140835690835
16/11/2024 21:00,0.5984140835690835,0.600686713352635,0.587373601258513,0.5942781135767307
17/11/2024 01:00,0.5942781135767307,0.5942781135767307,0.5653660102113527,0.5864481915335586
17/11/2024 05:00,0.5864481915335586,0.593051552952428,0.5824805671953962,0.593051552952428
17/11/2024 09:00,0.593051552952428,0.6048032545191304,0.5864146607307709,0.5936032787316903
17/11/2024 13:00,0.5936032787316903,0.5983988278107498,0.5737708792353449,0.5778378163845913
17/11/2024 17:00,0.5778378163845913,0.5855108972014799,0.5617255660876393,0.5657232223964107
17/11/2024 21:00,0.5657232223964107,0.5693411299744752,0.5418370523392223,0.5693411299744752
18/11/2024 01:00,0.5693411299744752,0.5881246739279433,0.5692802207066836,0.5807474676019511
18/11/2024 05:00,0.5807474676019511,0.6177665685087678,0.5803878312137997,0.6109312116913502
18/11/2024 09:00,0.6109312116913502,0.6169353511135985,0.5739785341130167,0.58191467981647
18/11/2024 13:00,0.58191467981647,0.6187139245358217,0.556580464981792,0.5955887527142135
18/11/2024 17:00,0.5955887527142135,0.6074332900219291,0.557706721270703,0.5956096649650117
18/11/2024 21:00,0.5956096649650117,0.6094848059368579,0.5701412952728484,0.5814498448400125
19/11/2024 01:00,0.5814498448400125,0.6000944425608848,0.5783315247488526,0.5966939393743026
19/11/2024 05:00,0.5966939393743026,0.6058519316818765,0.5911455008077345,0.5955579908894117
19/11/2024 09:00,0.5955579908894117,0.6166356127062571,0.5898979546142065,0.6152764588916235
19/11/2024 13:00,0.6152764588916235,0.6223637242808686,0.5844606973506216,0.612776626479621
19/11/2024 17:00,0.612776626479621,0.6503935935569554,0.612776626479621,0.6269560582881144
19/11/2024 21:00,0.6269560582881144,0.6269560582881144,0.5963137782874495,0.6099017325814998
20/11/2024 01:00,0.6099017325814998,0.6099017325814998,0.5932813114816397,0.607383455152064
20/11/2024 05:00,0.607383455152064,0.629089984325598,0.6022392366688719,0.629089984325598
20/11/2024 09:00,0.629089984325598,0.6429325835364974,0.6243751456461688,0.6380504454306604
20/11/2024 13:00,0.6380504454306604,0.6682259136084631,0.6375457969999831,0.6405817975772569
20/11/2024 17:00,0.6405817975772569,0.656612179758982,0.6306983140716541,0.6544961234881836
20/11/2024 21:00,0.6544961234881836,0.669805263375122,0.6446695944797299,0.669805263375122
21/11/2024 01:00,0.669805263375122,0.7209344831699603,0.6498969943217926,0.7209344831699603
21/11/2024 05:00,0.7209344831699603,0.7394159101483742,0.7155354926348841,0.7188500173204504
21/11/2024 09:00,0.7188500173204504,0.7562612031431849,0.7188500173204504,0.7391550516825829
21/11/2024 13:00,0.7391550516825829,0.7391550516825829,0.6911475431787513,0.7202203802615493
21/11/2024 17:00,0.7202203802615493,0.761875954694355,0.7202203802615493,0.7400383496644274
21/11/2024 21:00,0.7400383496644274,0.7603903699304279,0.7369496451912935,0.7459686493829847
22/11/2024 01:00,0.7459686493829847,0.7780762464148345,0.7420630300282798,0.768594518671347
22/11/2024 05:00,0.768594518671347,0.782275890398731,0.7625436922468642,0.7697836449130683
22/11/2024 09:00,0.7697836449130683,0.7697836449130683,0.7493457854932886,0.7619652823056303
22/11/2024 13:00,0.7619652823056303,0.7619652823056303,0.7228754387425622,0.7618593774540149
22/11/2024 17:00,0.7618593774540149,0.7813031746947439,0.7618593774540149,0.7734988109242648
22/11/2024 21:00,0.7734988109242648,0.7751556877727712,0.7552943786795924,0.7552943786795924
23/11/2024 01:00,0.7552943786795924,0.7594292371718682,0.747124809499712,0.7508040505972101
23/11/2024 05:00,0.7508040505972101,0.7601162896704208,0.7484723391743228,0.751714663415312
23/11/2024 09:00,0.751714663415312,0.7530198548534298,0.7470601905641511,0.7506014251908457
23/11/2024 13:00,0.7506014251908457,0.7601359367135908,0.7300511932338507,0.7307387761226469
23/11/2024 17:00,0.7307387761226469,0.7367433413344442,0.7197263120684756,0.7199417710812794
